-- MySQL dump 10.13  Distrib 8.0.28, for macos12.2 (arm64)
--
-- Host: localhost    Database: influencer
-- ------------------------------------------------------
-- Server version	8.0.28

/*!40101 SET @OLD_CHARACTER_SET_CLIENT=@@CHARACTER_SET_CLIENT */;
/*!40101 SET @OLD_CHARACTER_SET_RESULTS=@@CHARACTER_SET_RESULTS */;
/*!40101 SET @OLD_COLLATION_CONNECTION=@@COLLATION_CONNECTION */;
/*!50503 SET NAMES utf8mb4 */;
/*!40103 SET @OLD_TIME_ZONE=@@TIME_ZONE */;
/*!40103 SET TIME_ZONE='+00:00' */;
/*!40014 SET @OLD_UNIQUE_CHECKS=@@UNIQUE_CHECKS, UNIQUE_CHECKS=0 */;
/*!40014 SET @OLD_FOREIGN_KEY_CHECKS=@@FOREIGN_KEY_CHECKS, FOREIGN_KEY_CHECKS=0 */;
/*!40101 SET @OLD_SQL_MODE=@@SQL_MODE, SQL_MODE='NO_AUTO_VALUE_ON_ZERO' */;
/*!40111 SET @OLD_SQL_NOTES=@@SQL_NOTES, SQL_NOTES=0 */;

--
-- Table structure for table `campaign`
--

DROP TABLE IF EXISTS `campaign`;
/*!40101 SET @saved_cs_client     = @@character_set_client */;
/*!50503 SET character_set_client = utf8mb4 */;
CREATE TABLE `campaign` (
  `id` int NOT NULL AUTO_INCREMENT,
  `campaign_name` varchar(50) NOT NULL,
  `userID` int NOT NULL,
  `created_at` datetime(6) NOT NULL DEFAULT CURRENT_TIMESTAMP(6),
  `updated_at` datetime(6) NOT NULL DEFAULT CURRENT_TIMESTAMP(6) ON UPDATE CURRENT_TIMESTAMP(6),
  PRIMARY KEY (`id`),
  KEY `FK_108edd8fb3b30a2616222683088` (`userID`),
  CONSTRAINT `FK_108edd8fb3b30a2616222683088` FOREIGN KEY (`userID`) REFERENCES `user` (`id`)
) ENGINE=InnoDB AUTO_INCREMENT=3 DEFAULT CHARSET=utf8mb4 COLLATE=utf8mb4_0900_ai_ci;
/*!40101 SET character_set_client = @saved_cs_client */;

--
-- Dumping data for table `campaign`
--

LOCK TABLES `campaign` WRITE;
/*!40000 ALTER TABLE `campaign` DISABLE KEYS */;
INSERT INTO `campaign` VALUES (1,'양말 캠페친',1,'2022-05-11 15:45:02.643745','2022-05-11 15:45:02.643745'),(2,'피시방 홍보',2,'2022-05-11 17:33:08.506485','2022-05-11 17:33:08.506485');
/*!40000 ALTER TABLE `campaign` ENABLE KEYS */;
UNLOCK TABLES;

--
-- Table structure for table `category`
--

DROP TABLE IF EXISTS `category`;
/*!40101 SET @saved_cs_client     = @@character_set_client */;
/*!50503 SET character_set_client = utf8mb4 */;
CREATE TABLE `category` (
  `id` int NOT NULL AUTO_INCREMENT,
  `category_name` varchar(50) NOT NULL,
  `created_at` datetime(6) NOT NULL DEFAULT CURRENT_TIMESTAMP(6),
  `updated_at` datetime(6) NOT NULL DEFAULT CURRENT_TIMESTAMP(6) ON UPDATE CURRENT_TIMESTAMP(6),
  PRIMARY KEY (`id`)
) ENGINE=InnoDB AUTO_INCREMENT=13 DEFAULT CHARSET=utf8mb4 COLLATE=utf8mb4_0900_ai_ci;
/*!40101 SET character_set_client = @saved_cs_client */;

--
-- Dumping data for table `category`
--

LOCK TABLES `category` WRITE;
/*!40000 ALTER TABLE `category` DISABLE KEYS */;
INSERT INTO `category` VALUES (1,'스포츠','2022-05-11 15:13:24.363054','2022-05-12 18:27:56.759612'),(2,'음식','2022-05-11 15:13:53.010411','2022-05-11 15:13:53.010411'),(3,'뷰티','2022-05-12 18:27:56.775429','2022-05-12 18:27:56.775429'),(4,'여행','2022-05-12 18:27:56.785022','2022-05-12 18:27:56.785022'),(5,'패션','2022-05-12 18:27:56.794604','2022-05-12 18:27:56.794604'),(6,'반려동물','2022-05-12 18:27:56.806118','2022-05-12 18:27:56.806118'),(7,'교육','2022-05-12 18:27:56.816435','2022-05-12 18:27:56.816435'),(8,'음악','2022-05-12 18:27:56.823730','2022-05-12 18:27:56.823730'),(9,'전자기기','2022-05-12 18:27:56.832950','2022-05-12 18:27:56.832950'),(10,'영화','2022-05-12 18:27:56.841385','2022-05-12 18:27:56.841385'),(11,'자동차','2022-05-12 18:27:56.851309','2022-05-12 18:27:56.851309'),(12,'게임','2022-05-12 18:27:56.858535','2022-05-12 18:27:56.858535');
/*!40000 ALTER TABLE `category` ENABLE KEYS */;
UNLOCK TABLES;

--
-- Table structure for table `hashtag`
--

DROP TABLE IF EXISTS `hashtag`;
/*!40101 SET @saved_cs_client     = @@character_set_client */;
/*!50503 SET character_set_client = utf8mb4 */;
CREATE TABLE `hashtag` (
  `id` int NOT NULL AUTO_INCREMENT,
  `hashtag_name` varchar(100) NOT NULL,
  `created_at` datetime(6) NOT NULL DEFAULT CURRENT_TIMESTAMP(6),
  `updated_at` datetime(6) NOT NULL DEFAULT CURRENT_TIMESTAMP(6) ON UPDATE CURRENT_TIMESTAMP(6),
  PRIMARY KEY (`id`)
) ENGINE=InnoDB AUTO_INCREMENT=49 DEFAULT CHARSET=utf8mb4 COLLATE=utf8mb4_0900_ai_ci;
/*!40101 SET character_set_client = @saved_cs_client */;

--
-- Dumping data for table `hashtag`
--

LOCK TABLES `hashtag` WRITE;
/*!40000 ALTER TABLE `hashtag` DISABLE KEYS */;
INSERT INTO `hashtag` VALUES (1,'축구','2022-05-11 15:14:32.743082','2022-05-11 15:14:32.743082'),(2,'배드민턴','2022-05-11 15:14:32.760454','2022-05-11 15:14:32.760454'),(3,'크로스핏','2022-05-11 15:14:32.774567','2022-05-12 18:35:35.268346'),(4,'헬스','2022-05-11 15:14:32.798329','2022-05-12 18:35:35.251169'),(5,'맛집','2022-05-12 18:35:35.276261','2022-05-12 18:35:35.276261'),(6,'홈베이킹','2022-05-12 18:35:35.281954','2022-05-12 18:35:35.281954'),(7,'레시피','2022-05-12 18:35:35.287392','2022-05-12 18:35:35.287392'),(8,'안주','2022-05-12 18:35:35.292763','2022-05-12 18:35:35.292763'),(9,'화장품','2022-05-12 18:35:35.303222','2022-05-12 18:35:35.303222'),(10,'림밥','2022-05-12 18:35:35.314307','2022-05-12 18:35:35.314307'),(11,'세정제','2022-05-12 18:35:35.321365','2022-05-12 18:35:35.321365'),(12,'립스틱','2022-05-12 18:35:35.328740','2022-05-12 18:35:35.328740'),(13,'제주도','2022-05-12 18:35:35.334132','2022-05-12 18:35:35.334132'),(14,'부산','2022-05-12 18:35:35.340239','2022-05-12 18:35:35.340239'),(15,'여수','2022-05-12 18:35:35.351327','2022-05-12 18:35:35.351327'),(16,'강릉','2022-05-12 18:35:35.361244','2022-05-12 18:35:35.361244'),(17,'MLB','2022-05-12 18:35:35.366814','2022-05-12 18:35:35.366814'),(18,'가을아우터','2022-05-12 18:35:35.373727','2022-05-12 18:35:35.373727'),(19,'운동화추천','2022-05-12 18:35:35.379865','2022-05-12 18:35:35.379865'),(20,'키작녀','2022-05-12 18:35:35.393611','2022-05-12 18:35:35.393611'),(21,'멍멍이간식','2022-05-12 18:35:35.399133','2022-05-12 18:35:35.399133'),(22,'야옹이간식','2022-05-12 18:35:35.405480','2022-05-12 18:35:35.405480'),(23,'강아지장난감','2022-05-12 18:35:35.413183','2022-05-12 18:35:35.413183'),(24,'고양이장난감','2022-05-12 18:35:35.418623','2022-05-12 18:35:35.418623'),(25,'수능특강','2022-05-12 18:35:35.425442','2022-05-12 18:35:35.425442'),(26,'3월모평','2022-05-12 18:35:35.431289','2022-05-12 18:35:35.431289'),(27,'6월모평','2022-05-12 18:35:35.437715','2022-05-12 18:35:35.437715'),(28,'수능','2022-05-12 18:35:35.443234','2022-05-12 18:35:35.443234'),(29,'힙합','2022-05-12 18:35:35.448572','2022-05-12 18:35:35.448572'),(30,'발라드','2022-05-12 18:35:35.453560','2022-05-12 18:35:35.453560'),(31,'재즈','2022-05-12 18:35:35.458624','2022-05-12 18:35:35.458624'),(32,'트로트','2022-05-12 18:35:35.473243','2022-05-12 18:35:35.473243'),(33,'아이패드','2022-05-12 18:35:35.479758','2022-05-12 18:35:35.479758'),(34,'갤럭시탭','2022-05-12 18:35:35.488673','2022-05-12 18:35:35.488673'),(35,'갤럭시노트','2022-05-12 18:35:35.495340','2022-05-12 18:35:35.495340'),(36,'아이폰12','2022-05-12 18:35:35.509184','2022-05-12 18:35:35.509184'),(37,'극장개봉','2022-05-12 18:35:35.517178','2022-05-12 18:35:35.517178'),(38,'최신개봉','2022-05-12 18:35:35.522651','2022-05-12 18:35:35.522651'),(39,'마블','2022-05-12 18:35:35.526982','2022-05-12 18:35:35.526982'),(40,'호러','2022-05-12 18:35:35.531754','2022-05-12 18:35:35.531754'),(41,'현대','2022-05-12 18:35:35.542507','2022-05-12 18:35:35.542507'),(42,'BMW','2022-05-12 18:35:35.547395','2022-05-12 18:35:35.547395'),(43,'아우디','2022-05-12 18:35:35.551323','2022-05-12 18:35:35.551323'),(44,'벤츠','2022-05-12 18:35:35.559358','2022-05-12 18:35:35.559358'),(45,'메이플스토리','2022-05-12 18:35:35.570157','2022-05-12 18:35:35.570157'),(46,'리그오브레전드','2022-05-12 18:35:35.575886','2022-05-12 18:35:35.575886'),(47,'피파','2022-05-12 18:35:35.580435','2022-05-12 18:35:35.580435'),(48,'오버워치','2022-05-12 18:35:35.584924','2022-05-12 18:35:35.584924');
/*!40000 ALTER TABLE `hashtag` ENABLE KEYS */;
UNLOCK TABLES;

--
-- Table structure for table `influencer`
--

DROP TABLE IF EXISTS `influencer`;
/*!40101 SET @saved_cs_client     = @@character_set_client */;
/*!50503 SET character_set_client = utf8mb4 */;
CREATE TABLE `influencer` (
  `id` int NOT NULL AUTO_INCREMENT,
  `influencer_instagram_id` varchar(50) NOT NULL,
  `influencer_img` varchar(100) NOT NULL,
  `influencer_gender` varchar(20) NOT NULL,
  `influencer_follower` int NOT NULL,
  `influencer_posting` int NOT NULL,
  `influencer_average_like` int NOT NULL,
  `influencer_average_comment` int NOT NULL,
  `created_at` datetime(6) NOT NULL DEFAULT CURRENT_TIMESTAMP(6),
  `updated_at` datetime(6) NOT NULL DEFAULT CURRENT_TIMESTAMP(6) ON UPDATE CURRENT_TIMESTAMP(6),
  PRIMARY KEY (`id`)
) ENGINE=InnoDB AUTO_INCREMENT=121 DEFAULT CHARSET=utf8mb4 COLLATE=utf8mb4_0900_ai_ci;
/*!40101 SET character_set_client = @saved_cs_client */;

--
-- Dumping data for table `influencer`
--

LOCK TABLES `influencer` WRITE;
/*!40000 ALTER TABLE `influencer` DISABLE KEYS */;
INSERT INTO `influencer` VALUES (1,'sh_awtylol4','https://user-images.githubusercontent.com/97911154/168037753-abb55ed8-6066-41cc-8762-0bdbb5ff3104.pn','man',18683,222,58,22,'2022-05-11 15:15:15.267442','2022-05-12 18:25:00.086770'),(2,'hubiezizzo','https://user-images.githubusercontent.com/97911154/168037770-4c00c0d5-3243-49c4-8e19-552d55491386.pn','man',3040,21,135,2,'2022-05-11 16:16:28.281169','2022-05-12 18:25:00.136983'),(3,'zxczxc','https://user-images.githubusercontent.com/97911154/168037770-4c00c0d5-3243-49c4-8e19-552d55491386.pn','zxc',222,11,111,27,'2022-05-11 17:03:38.387363','2022-05-12 18:25:00.115315'),(4,'Ybalikath','https://user-images.githubusercontent.com/97911154/168037770-4c00c0d5-3243-49c4-8e19-552d55491386.pn','man',33971,111,83,2,'2022-05-12 18:25:00.162135','2022-05-12 18:25:00.162135'),(5,'Jerilarwen','https://user-images.githubusercontent.com/97911154/168037778-3a99a2b1-63b6-4f93-aaa6-84d4a4ac27d3.pn','man',29676,129,145,23,'2022-05-12 18:25:00.182230','2022-05-12 18:25:00.182230'),(6,'Thauf','https://user-images.githubusercontent.com/97911154/168037784-7a2e5af9-64d2-43f2-92ef-277272d949cc.pn','women',25026,65,138,47,'2022-05-12 18:25:00.210818','2022-05-12 18:25:00.210818'),(7,'Aboniel','https://user-images.githubusercontent.com/97911154/168037791-39bc6efc-8b29-4711-a537-ee1afb9d5340.pn','women',10497,177,127,11,'2022-05-12 18:25:00.226919','2022-05-12 18:25:00.226919'),(8,'Acedriloth','https://user-images.githubusercontent.com/97911154/168037798-d543fa99-45dd-4293-b0ce-e551db427729.pn','women',63812,112,99,50,'2022-05-12 18:25:00.243925','2022-05-12 18:25:00.243925'),(9,'Lide','https://user-images.githubusercontent.com/97911154/168037803-1ed65b73-3a89-40fa-a3c3-3bb16680fc87.pn','man',13931,135,84,48,'2022-05-12 18:25:00.261836','2022-05-12 18:25:00.261836'),(10,'Rheidon','https://user-images.githubusercontent.com/97911154/168037810-86e67102-e0f2-48a1-8557-599e80a3062e.pn','man',74403,143,122,15,'2022-05-12 18:25:00.273735','2022-05-12 18:25:00.273735'),(11,'Sevigodien','https://user-images.githubusercontent.com/97911154/168037753-abb55ed8-6066-41cc-8762-0bdbb5ff3104.pn','women',55954,44,84,34,'2022-05-12 18:25:00.285191','2022-05-12 18:25:00.285191'),(12,'Cauw','https://user-images.githubusercontent.com/97911154/168037770-4c00c0d5-3243-49c4-8e19-552d55491386.pn','man',60218,199,65,6,'2022-05-12 18:25:00.298052','2022-05-12 18:25:00.298052'),(13,'Adraellan','https://user-images.githubusercontent.com/97911154/168037770-4c00c0d5-3243-49c4-8e19-552d55491386.pn','man',32961,69,121,24,'2022-05-12 18:25:00.312142','2022-05-12 18:25:00.312142'),(14,'Kaeidon','https://user-images.githubusercontent.com/97911154/168037770-4c00c0d5-3243-49c4-8e19-552d55491386.pn','man',28147,104,137,49,'2022-05-12 18:25:00.323238','2022-05-12 18:25:00.323238'),(15,'Yaniel','https://user-images.githubusercontent.com/97911154/168037778-3a99a2b1-63b6-4f93-aaa6-84d4a4ac27d3.pn','women',74955,132,66,28,'2022-05-12 18:25:00.347817','2022-05-12 18:25:00.347817'),(16,'Ociliand','https://user-images.githubusercontent.com/97911154/168037784-7a2e5af9-64d2-43f2-92ef-277272d949cc.pn','man',37694,111,135,44,'2022-05-12 18:25:00.363340','2022-05-12 18:25:00.363340'),(17,'Astaemwen','https://user-images.githubusercontent.com/97911154/168037791-39bc6efc-8b29-4711-a537-ee1afb9d5340.pn','man',68973,57,84,48,'2022-05-12 18:25:00.373469','2022-05-12 18:25:00.373469'),(18,'Dwiadan','https://user-images.githubusercontent.com/97911154/168037798-d543fa99-45dd-4293-b0ce-e551db427729.pn','women',64949,23,95,5,'2022-05-12 18:25:00.389682','2022-05-12 18:25:00.389682'),(19,'Wendandra','https://user-images.githubusercontent.com/97911154/168037803-1ed65b73-3a89-40fa-a3c3-3bb16680fc87.pn','women',13711,139,66,44,'2022-05-12 18:25:00.401792','2022-05-12 18:25:00.401792'),(20,'Cietlan','https://user-images.githubusercontent.com/97911154/168037810-86e67102-e0f2-48a1-8557-599e80a3062e.pn','women',40804,74,104,5,'2022-05-12 18:25:00.415407','2022-05-12 18:25:00.415407'),(21,'Laroissa','https://user-images.githubusercontent.com/97911154/168037753-abb55ed8-6066-41cc-8762-0bdbb5ff3104.pn','man',44933,145,123,22,'2022-05-12 18:25:00.426523','2022-05-12 18:25:00.426523'),(22,'Adrigord','https://user-images.githubusercontent.com/97911154/168037770-4c00c0d5-3243-49c4-8e19-552d55491386.pn','man',72284,194,54,30,'2022-05-12 18:25:00.440119','2022-05-12 18:25:00.440119'),(23,'Iballe','https://user-images.githubusercontent.com/97911154/168037770-4c00c0d5-3243-49c4-8e19-552d55491386.pn','women',74810,175,86,38,'2022-05-12 18:25:00.450885','2022-05-12 18:25:00.450885'),(24,'Onigolith','https://user-images.githubusercontent.com/97911154/168037770-4c00c0d5-3243-49c4-8e19-552d55491386.pn','man',67593,54,89,12,'2022-05-12 18:25:00.464777','2022-05-12 18:25:00.464777'),(25,'Alaullan','https://user-images.githubusercontent.com/97911154/168037778-3a99a2b1-63b6-4f93-aaa6-84d4a4ac27d3.pn','women',53594,83,86,37,'2022-05-12 18:25:00.479023','2022-05-12 18:25:00.479023'),(26,'Zoatha','https://user-images.githubusercontent.com/97911154/168037784-7a2e5af9-64d2-43f2-92ef-277272d949cc.pn','women',16872,199,131,40,'2022-05-12 18:25:00.494025','2022-05-12 18:25:00.494025'),(27,'Cadyn','https://user-images.githubusercontent.com/97911154/168037791-39bc6efc-8b29-4711-a537-ee1afb9d5340.pn','women',73875,9,58,20,'2022-05-12 18:25:00.505337','2022-05-12 18:25:00.505337'),(28,'Asteinydd','https://user-images.githubusercontent.com/97911154/168037798-d543fa99-45dd-4293-b0ce-e551db427729.pn','women',16737,68,104,36,'2022-05-12 18:25:00.523324','2022-05-12 18:25:00.523324'),(29,'Qilatrem','https://user-images.githubusercontent.com/97911154/168037803-1ed65b73-3a89-40fa-a3c3-3bb16680fc87.pn','women',72222,70,78,42,'2022-05-12 18:25:00.536079','2022-05-12 18:25:00.536079'),(30,'Haelaswen','https://user-images.githubusercontent.com/97911154/168037810-86e67102-e0f2-48a1-8557-599e80a3062e.pn','women',5015,2,101,39,'2022-05-12 18:25:00.547623','2022-05-12 18:25:00.547623'),(31,'Lothaonnon','https://user-images.githubusercontent.com/97911154/168037753-abb55ed8-6066-41cc-8762-0bdbb5ff3104.pn','man',39612,39,97,21,'2022-05-12 18:25:00.559567','2022-05-12 18:25:00.559567'),(32,'Woessi','https://user-images.githubusercontent.com/97911154/168037770-4c00c0d5-3243-49c4-8e19-552d55491386.pn','women',47106,9,54,3,'2022-05-12 18:25:00.569693','2022-05-12 18:25:00.569693'),(33,'Prareg','https://user-images.githubusercontent.com/97911154/168037770-4c00c0d5-3243-49c4-8e19-552d55491386.pn','man',21721,71,115,45,'2022-05-12 18:25:00.588292','2022-05-12 18:25:00.588292'),(34,'Trirerith','https://user-images.githubusercontent.com/97911154/168037770-4c00c0d5-3243-49c4-8e19-552d55491386.pn','man',52730,39,118,35,'2022-05-12 18:25:00.600899','2022-05-12 18:25:00.600899'),(35,'Edoith','https://user-images.githubusercontent.com/97911154/168037778-3a99a2b1-63b6-4f93-aaa6-84d4a4ac27d3.pn','man',2677,54,66,20,'2022-05-12 18:25:00.615335','2022-05-12 18:25:00.615335'),(36,'Qaydith','https://user-images.githubusercontent.com/97911154/168037784-7a2e5af9-64d2-43f2-92ef-277272d949cc.pn','women',15072,68,101,40,'2022-05-12 18:25:00.681267','2022-05-12 18:25:00.681267'),(37,'Kymos','https://user-images.githubusercontent.com/97911154/168037791-39bc6efc-8b29-4711-a537-ee1afb9d5340.pn','man',19159,31,73,37,'2022-05-12 18:25:00.695521','2022-05-12 18:25:00.695521'),(38,'Ybiama','https://user-images.githubusercontent.com/97911154/168037798-d543fa99-45dd-4293-b0ce-e551db427729.pn','man',62527,47,137,18,'2022-05-12 18:25:00.713037','2022-05-12 18:25:00.713037'),(39,'Erirash','https://user-images.githubusercontent.com/97911154/168037803-1ed65b73-3a89-40fa-a3c3-3bb16680fc87.pn','women',27961,47,52,47,'2022-05-12 18:25:00.734159','2022-05-12 18:25:00.734159'),(40,'Lianiel','https://user-images.githubusercontent.com/97911154/168037810-86e67102-e0f2-48a1-8557-599e80a3062e.pn','women',14763,48,79,8,'2022-05-12 18:25:00.747521','2022-05-12 18:25:00.747521'),(41,'Agroic','https://user-images.githubusercontent.com/97911154/168037753-abb55ed8-6066-41cc-8762-0bdbb5ff3104.pn','women',74662,75,57,4,'2022-05-12 18:25:00.759044','2022-05-12 18:25:00.759044'),(42,'Olerwen','https://user-images.githubusercontent.com/97911154/168037770-4c00c0d5-3243-49c4-8e19-552d55491386.pn','man',30681,75,69,11,'2022-05-12 18:25:00.768395','2022-05-12 18:25:00.768395'),(43,'Severired','https://user-images.githubusercontent.com/97911154/168037770-4c00c0d5-3243-49c4-8e19-552d55491386.pn','man',77582,67,149,28,'2022-05-12 18:25:00.781012','2022-05-12 18:25:00.781012'),(44,'Lorewia','https://user-images.githubusercontent.com/97911154/168037770-4c00c0d5-3243-49c4-8e19-552d55491386.pn','women',11750,23,141,12,'2022-05-12 18:25:00.796192','2022-05-12 18:25:00.796192'),(45,'Afaetrem','https://user-images.githubusercontent.com/97911154/168037778-3a99a2b1-63b6-4f93-aaa6-84d4a4ac27d3.pn','man',57937,7,110,27,'2022-05-12 18:25:00.811028','2022-05-12 18:25:00.811028'),(46,'Ariladda','https://user-images.githubusercontent.com/97911154/168037784-7a2e5af9-64d2-43f2-92ef-277272d949cc.pn','women',57668,47,127,48,'2022-05-12 18:25:00.825251','2022-05-12 18:25:00.825251'),(47,'Legoregan','https://user-images.githubusercontent.com/97911154/168037791-39bc6efc-8b29-4711-a537-ee1afb9d5340.pn','women',61617,87,101,8,'2022-05-12 18:25:00.836293','2022-05-12 18:25:00.836293'),(48,'Fywiel','https://user-images.githubusercontent.com/97911154/168037798-d543fa99-45dd-4293-b0ce-e551db427729.pn','women',56524,30,74,21,'2022-05-12 18:25:00.844687','2022-05-12 18:25:00.844687'),(49,'Cadiak','https://user-images.githubusercontent.com/97911154/168037803-1ed65b73-3a89-40fa-a3c3-3bb16680fc87.pn','women',12445,58,79,31,'2022-05-12 18:25:00.855756','2022-05-12 18:25:00.855756'),(50,'Laroewen','https://user-images.githubusercontent.com/97911154/168037810-86e67102-e0f2-48a1-8557-599e80a3062e.pn','women',51824,79,122,16,'2022-05-12 18:25:00.869349','2022-05-12 18:25:00.869349'),(51,'Celikin','https://user-images.githubusercontent.com/97911154/168037753-abb55ed8-6066-41cc-8762-0bdbb5ff3104.pn','women',9548,22,126,30,'2022-05-12 18:25:00.881224','2022-05-12 18:25:00.881224'),(52,'Dralenwan','https://user-images.githubusercontent.com/97911154/168037770-4c00c0d5-3243-49c4-8e19-552d55491386.pn','women',36191,68,144,42,'2022-05-12 18:25:00.891321','2022-05-12 18:25:00.891321'),(53,'Haaewen','https://user-images.githubusercontent.com/97911154/168037770-4c00c0d5-3243-49c4-8e19-552d55491386.pn','women',4728,78,75,26,'2022-05-12 18:25:00.901636','2022-05-12 18:25:00.901636'),(54,'Adaetram','https://user-images.githubusercontent.com/97911154/168037770-4c00c0d5-3243-49c4-8e19-552d55491386.pn','women',76324,57,81,17,'2022-05-12 18:25:00.915972','2022-05-12 18:25:00.915972'),(55,'Adalendra','https://user-images.githubusercontent.com/97911154/168037778-3a99a2b1-63b6-4f93-aaa6-84d4a4ac27d3.pn','women',3300,100,105,42,'2022-05-12 18:25:00.929131','2022-05-12 18:25:00.929131'),(56,'Adwob','https://user-images.githubusercontent.com/97911154/168037784-7a2e5af9-64d2-43f2-92ef-277272d949cc.pn','man',33894,54,57,8,'2022-05-12 18:25:00.942719','2022-05-12 18:25:00.942719'),(57,'Troisa','https://user-images.githubusercontent.com/97911154/168037791-39bc6efc-8b29-4711-a537-ee1afb9d5340.pn','women',60437,60,118,28,'2022-05-12 18:25:00.955559','2022-05-12 18:25:00.955559'),(58,'Ges','https://user-images.githubusercontent.com/97911154/168037798-d543fa99-45dd-4293-b0ce-e551db427729.pn','man',78580,69,98,39,'2022-05-12 18:25:00.962783','2022-05-12 18:25:00.962783'),(59,'Pirethiel','https://user-images.githubusercontent.com/97911154/168037803-1ed65b73-3a89-40fa-a3c3-3bb16680fc87.pn','man',27904,48,119,31,'2022-05-12 18:25:00.974905','2022-05-12 18:25:00.974905'),(60,'Belaseth','https://user-images.githubusercontent.com/97911154/168037810-86e67102-e0f2-48a1-8557-599e80a3062e.pn','man',62131,40,123,23,'2022-05-12 18:25:00.986303','2022-05-12 18:25:00.986303'),(61,'Koang','https://user-images.githubusercontent.com/97911154/168037753-abb55ed8-6066-41cc-8762-0bdbb5ff3104.pn','women',50026,87,65,10,'2022-05-12 18:25:00.994481','2022-05-12 18:25:00.994481'),(62,'Acear','https://user-images.githubusercontent.com/97911154/168037770-4c00c0d5-3243-49c4-8e19-552d55491386.pn','man',78897,76,72,6,'2022-05-12 18:25:01.004286','2022-05-12 18:25:01.004286'),(63,'Cienna','https://user-images.githubusercontent.com/97911154/168037770-4c00c0d5-3243-49c4-8e19-552d55491386.pn','man',74819,59,83,27,'2022-05-12 18:25:01.014615','2022-05-12 18:25:01.014615'),(64,'Geimond','https://user-images.githubusercontent.com/97911154/168037770-4c00c0d5-3243-49c4-8e19-552d55491386.pn','women',73847,68,50,17,'2022-05-12 18:25:01.024589','2022-05-12 18:25:01.024589'),(65,'Kaigowia','https://user-images.githubusercontent.com/97911154/168037778-3a99a2b1-63b6-4f93-aaa6-84d4a4ac27d3.pn','women',24323,91,104,12,'2022-05-12 18:25:01.037276','2022-05-12 18:25:01.037276'),(66,'Unendaand','https://user-images.githubusercontent.com/97911154/168037784-7a2e5af9-64d2-43f2-92ef-277272d949cc.pn','women',4437,96,86,41,'2022-05-12 18:25:01.059045','2022-05-12 18:25:01.059045'),(67,'Gwardoni','https://user-images.githubusercontent.com/97911154/168037791-39bc6efc-8b29-4711-a537-ee1afb9d5340.pn','man',17770,64,93,45,'2022-05-12 18:25:01.074131','2022-05-12 18:25:01.074131'),(68,'Gilinwan','https://user-images.githubusercontent.com/97911154/168037798-d543fa99-45dd-4293-b0ce-e551db427729.pn','women',28142,89,103,50,'2022-05-12 18:25:01.094000','2022-05-12 18:25:01.094000'),(69,'Ethiredia','https://user-images.githubusercontent.com/97911154/168037803-1ed65b73-3a89-40fa-a3c3-3bb16680fc87.pn','man',14150,94,70,37,'2022-05-12 18:25:01.109067','2022-05-12 18:25:01.109067'),(70,'Arelakon','https://user-images.githubusercontent.com/97911154/168037810-86e67102-e0f2-48a1-8557-599e80a3062e.pn','man',11317,87,141,50,'2022-05-12 18:25:01.120273','2022-05-12 18:25:01.120273'),(71,'Gresa','https://user-images.githubusercontent.com/97911154/168037753-abb55ed8-6066-41cc-8762-0bdbb5ff3104.pn','man',22416,71,91,8,'2022-05-12 18:25:01.173525','2022-05-12 18:25:01.173525'),(72,'Vaenyth','https://user-images.githubusercontent.com/97911154/168037770-4c00c0d5-3243-49c4-8e19-552d55491386.pn','women',17683,44,72,2,'2022-05-12 18:25:01.182837','2022-05-12 18:25:01.182837'),(73,'Saven','https://user-images.githubusercontent.com/97911154/168037770-4c00c0d5-3243-49c4-8e19-552d55491386.pn','man',3848,64,121,39,'2022-05-12 18:25:01.193676','2022-05-12 18:25:01.193676'),(74,'Graodon','https://user-images.githubusercontent.com/97911154/168037770-4c00c0d5-3243-49c4-8e19-552d55491386.pn','man',8233,76,139,47,'2022-05-12 18:25:01.209459','2022-05-12 18:25:01.209459'),(75,'Vaynia','https://user-images.githubusercontent.com/97911154/168037778-3a99a2b1-63b6-4f93-aaa6-84d4a4ac27d3.pn','women',11573,94,66,24,'2022-05-12 18:25:01.228506','2022-05-12 18:25:01.228506'),(76,'Acaetrem','https://user-images.githubusercontent.com/97911154/168037784-7a2e5af9-64d2-43f2-92ef-277272d949cc.pn','women',16782,8,103,31,'2022-05-12 18:25:01.241968','2022-05-12 18:25:01.241968'),(77,'Seviellan','https://user-images.githubusercontent.com/97911154/168037791-39bc6efc-8b29-4711-a537-ee1afb9d5340.pn','women',21547,82,133,48,'2022-05-12 18:25:01.254319','2022-05-12 18:25:01.254319'),(78,'Trinyth','https://user-images.githubusercontent.com/97911154/168037798-d543fa99-45dd-4293-b0ce-e551db427729.pn','man',15350,57,92,50,'2022-05-12 18:25:01.271232','2022-05-12 18:25:01.271232'),(79,'Larardorith','https://user-images.githubusercontent.com/97911154/168037803-1ed65b73-3a89-40fa-a3c3-3bb16680fc87.pn','man',2920,52,139,27,'2022-05-12 18:25:01.281042','2022-05-12 18:25:01.281042'),(80,'Rhohanwan','https://user-images.githubusercontent.com/97911154/168037810-86e67102-e0f2-48a1-8557-599e80a3062e.pn','man',22386,65,78,38,'2022-05-12 18:25:01.294172','2022-05-12 18:25:01.294172'),(81,'Oloania','https://user-images.githubusercontent.com/97911154/168037753-abb55ed8-6066-41cc-8762-0bdbb5ff3104.pn','man',17729,39,62,34,'2022-05-12 18:25:01.308417','2022-05-12 18:25:01.308417'),(82,'Tryg','https://user-images.githubusercontent.com/97911154/168037770-4c00c0d5-3243-49c4-8e19-552d55491386.pn','man',2015,15,122,49,'2022-05-12 18:25:01.321168','2022-05-12 18:25:01.321168'),(83,'Eowoima','https://user-images.githubusercontent.com/97911154/168037770-4c00c0d5-3243-49c4-8e19-552d55491386.pn','man',26353,6,59,25,'2022-05-12 18:25:01.328491','2022-05-12 18:25:01.328491'),(84,'Elaolith','https://user-images.githubusercontent.com/97911154/168037770-4c00c0d5-3243-49c4-8e19-552d55491386.pn','man',24335,90,141,18,'2022-05-12 18:25:01.336185','2022-05-12 18:25:01.336185'),(85,'Garevia','https://user-images.githubusercontent.com/97911154/168037778-3a99a2b1-63b6-4f93-aaa6-84d4a4ac27d3.pn','man',3134,80,123,33,'2022-05-12 18:25:01.346477','2022-05-12 18:25:01.346477'),(86,'Acayrin','https://user-images.githubusercontent.com/97911154/168037784-7a2e5af9-64d2-43f2-92ef-277272d949cc.pn','man',3205,81,80,13,'2022-05-12 18:25:01.353987','2022-05-12 18:25:01.353987'),(87,'Adelawen','https://user-images.githubusercontent.com/97911154/168037791-39bc6efc-8b29-4711-a537-ee1afb9d5340.pn','man',27276,85,56,16,'2022-05-12 18:25:01.362151','2022-05-12 18:25:01.362151'),(88,'Firamas','https://user-images.githubusercontent.com/97911154/168037798-d543fa99-45dd-4293-b0ce-e551db427729.pn','man',23955,18,129,23,'2022-05-12 18:25:01.375908','2022-05-12 18:25:01.375908'),(89,'Araorien','https://user-images.githubusercontent.com/97911154/168037803-1ed65b73-3a89-40fa-a3c3-3bb16680fc87.pn','man',14772,70,138,22,'2022-05-12 18:25:01.384497','2022-05-12 18:25:01.384497'),(90,'Agromamas','https://user-images.githubusercontent.com/97911154/168037810-86e67102-e0f2-48a1-8557-599e80a3062e.pn','women',23220,56,143,7,'2022-05-12 18:25:01.391818','2022-05-12 18:25:01.391818'),(91,'Braresa','https://user-images.githubusercontent.com/97911154/168037753-abb55ed8-6066-41cc-8762-0bdbb5ff3104.pn','man',19430,94,120,44,'2022-05-12 18:25:01.398549','2022-05-12 18:25:01.398549'),(92,'Edoakith','https://user-images.githubusercontent.com/97911154/168037770-4c00c0d5-3243-49c4-8e19-552d55491386.pn','man',25762,86,93,10,'2022-05-12 18:25:01.408482','2022-05-12 18:25:01.408482'),(93,'Glilidith','https://user-images.githubusercontent.com/97911154/168037770-4c00c0d5-3243-49c4-8e19-552d55491386.pn','women',13676,79,60,3,'2022-05-12 18:25:01.417293','2022-05-12 18:25:01.417293'),(94,'Jeriramond','https://user-images.githubusercontent.com/97911154/168037770-4c00c0d5-3243-49c4-8e19-552d55491386.pn','women',9433,90,123,49,'2022-05-12 18:25:01.426612','2022-05-12 18:25:01.426612'),(95,'Unewen','https://user-images.githubusercontent.com/97911154/168037778-3a99a2b1-63b6-4f93-aaa6-84d4a4ac27d3.pn','women',14141,20,85,41,'2022-05-12 18:25:01.442839','2022-05-12 18:25:01.442839'),(96,'Agraehar','https://user-images.githubusercontent.com/97911154/168037784-7a2e5af9-64d2-43f2-92ef-277272d949cc.pn','man',4425,95,95,5,'2022-05-12 18:25:01.455967','2022-05-12 18:25:01.455967'),(97,'Ocerari','https://user-images.githubusercontent.com/97911154/168037791-39bc6efc-8b29-4711-a537-ee1afb9d5340.pn','man',26585,30,118,29,'2022-05-12 18:25:01.480868','2022-05-12 18:25:01.480868'),(98,'Sevigotrem','https://user-images.githubusercontent.com/97911154/168037798-d543fa99-45dd-4293-b0ce-e551db427729.pn','man',18609,18,53,19,'2022-05-12 18:25:01.491720','2022-05-12 18:25:01.491720'),(99,'Eowevia','https://user-images.githubusercontent.com/97911154/168037803-1ed65b73-3a89-40fa-a3c3-3bb16680fc87.pn','man',23921,25,118,16,'2022-05-12 18:25:01.504283','2022-05-12 18:25:01.504283'),(100,'Prendacan','https://user-images.githubusercontent.com/97911154/168037810-86e67102-e0f2-48a1-8557-599e80a3062e.pn','man',21096,74,68,21,'2022-05-12 18:25:01.527664','2022-05-12 18:25:01.527664'),(101,'Wayldan','https://user-images.githubusercontent.com/97911154/168037753-abb55ed8-6066-41cc-8762-0bdbb5ff3104.pn','man',9693,63,87,29,'2022-05-12 18:25:01.541455','2022-05-12 18:25:01.541455'),(102,'Kedamma','https://user-images.githubusercontent.com/97911154/168037770-4c00c0d5-3243-49c4-8e19-552d55491386.pn','man',6234,11,104,8,'2022-05-12 18:25:01.553211','2022-05-12 18:25:01.553211'),(103,'Larilic','https://user-images.githubusercontent.com/97911154/168037770-4c00c0d5-3243-49c4-8e19-552d55491386.pn','women',25602,40,145,11,'2022-05-12 18:25:01.569464','2022-05-12 18:25:01.569464'),(104,'Coesa','https://user-images.githubusercontent.com/97911154/168037770-4c00c0d5-3243-49c4-8e19-552d55491386.pn','women',18473,37,114,12,'2022-05-12 18:25:01.582532','2022-05-12 18:25:01.582532'),(105,'Hirevudd','https://user-images.githubusercontent.com/97911154/168037778-3a99a2b1-63b6-4f93-aaa6-84d4a4ac27d3.pn','man',17611,74,106,28,'2022-05-12 18:25:01.593678','2022-05-12 18:25:01.593678'),(106,'Wicigolla','https://user-images.githubusercontent.com/97911154/168037784-7a2e5af9-64d2-43f2-92ef-277272d949cc.pn','man',4842,54,125,10,'2022-05-12 18:25:01.604213','2022-05-12 18:25:01.604213'),(107,'Ybakor','https://user-images.githubusercontent.com/97911154/168037791-39bc6efc-8b29-4711-a537-ee1afb9d5340.pn','man',16630,90,57,38,'2022-05-12 18:25:01.618527','2022-05-12 18:25:01.618527'),(108,'Unoeri','https://user-images.githubusercontent.com/97911154/168037798-d543fa99-45dd-4293-b0ce-e551db427729.pn','man',9719,71,62,17,'2022-05-12 18:25:01.645463','2022-05-12 18:25:01.645463'),(109,'Cadaujar','https://user-images.githubusercontent.com/97911154/168037803-1ed65b73-3a89-40fa-a3c3-3bb16680fc87.pn','man',4079,39,101,30,'2022-05-12 18:25:01.668771','2022-05-12 18:25:01.668771'),(110,'Praremma','https://user-images.githubusercontent.com/97911154/168037810-86e67102-e0f2-48a1-8557-599e80a3062e.pn','women',27314,94,69,26,'2022-05-12 18:25:01.682950','2022-05-12 18:25:01.682950'),(111,'Jann','https://user-images.githubusercontent.com/97911154/168037753-abb55ed8-6066-41cc-8762-0bdbb5ff3104.pn','women',28242,84,112,7,'2022-05-12 18:25:01.694470','2022-05-12 18:25:01.694470'),(112,'Sevaleng','https://user-images.githubusercontent.com/97911154/168037770-4c00c0d5-3243-49c4-8e19-552d55491386.pn','man',17125,16,63,30,'2022-05-12 18:25:01.706212','2022-05-12 18:25:01.706212'),(113,'Derat','https://user-images.githubusercontent.com/97911154/168037770-4c00c0d5-3243-49c4-8e19-552d55491386.pn','man',21504,95,85,17,'2022-05-12 18:25:01.730659','2022-05-12 18:25:01.730659'),(114,'Nyderraniel','https://user-images.githubusercontent.com/97911154/168037770-4c00c0d5-3243-49c4-8e19-552d55491386.pn','man',24832,80,100,23,'2022-05-12 18:25:01.751896','2022-05-12 18:25:01.751896'),(115,'Prerrakath','https://user-images.githubusercontent.com/97911154/168037778-3a99a2b1-63b6-4f93-aaa6-84d4a4ac27d3.pn','man',7251,41,100,8,'2022-05-12 18:25:01.763093','2022-05-12 18:25:01.763093'),(116,'Werari','https://user-images.githubusercontent.com/97911154/168037784-7a2e5af9-64d2-43f2-92ef-277272d949cc.pn','man',28506,8,99,42,'2022-05-12 18:25:01.779343','2022-05-12 18:25:01.779343'),(117,'Adwerahar','https://user-images.githubusercontent.com/97911154/168037791-39bc6efc-8b29-4711-a537-ee1afb9d5340.pn','women',13456,55,67,6,'2022-05-12 18:25:01.789221','2022-05-12 18:25:01.789221'),(118,'Thaerwen','https://user-images.githubusercontent.com/97911154/168037798-d543fa99-45dd-4293-b0ce-e551db427729.pn','women',28238,63,96,3,'2022-05-12 18:25:01.804464','2022-05-12 18:25:01.804464'),(119,'Hohaldan','https://user-images.githubusercontent.com/97911154/168037803-1ed65b73-3a89-40fa-a3c3-3bb16680fc87.pn','women',4580,20,69,37,'2022-05-12 18:25:01.819628','2022-05-12 18:25:01.819628'),(120,'aaaasqwas000','https://user-images.githubusercontent.com/97911154/168037810-86e67102-e0f2-48a1-8557-599e80a3062e.pn','man',20000,24,73,44,'2022-05-12 18:25:01.832886','2022-05-12 18:25:01.832886');
/*!40000 ALTER TABLE `influencer` ENABLE KEYS */;
UNLOCK TABLES;

--
-- Table structure for table `influencer_category`
--

DROP TABLE IF EXISTS `influencer_category`;
/*!40101 SET @saved_cs_client     = @@character_set_client */;
/*!50503 SET character_set_client = utf8mb4 */;
CREATE TABLE `influencer_category` (
  `id` int NOT NULL AUTO_INCREMENT,
  `influencerID` int NOT NULL,
  `categoryID` int NOT NULL,
  `created_at` datetime(6) NOT NULL DEFAULT CURRENT_TIMESTAMP(6),
  `updated_at` datetime(6) NOT NULL DEFAULT CURRENT_TIMESTAMP(6) ON UPDATE CURRENT_TIMESTAMP(6),
  PRIMARY KEY (`id`),
  KEY `FK_88a014f7f080693e6a1b7fc2731` (`influencerID`),
  KEY `FK_08f72e4a7209a9e2c58145a3e5b` (`categoryID`),
  CONSTRAINT `FK_08f72e4a7209a9e2c58145a3e5b` FOREIGN KEY (`categoryID`) REFERENCES `category` (`id`) ON DELETE CASCADE,
  CONSTRAINT `FK_88a014f7f080693e6a1b7fc2731` FOREIGN KEY (`influencerID`) REFERENCES `influencer` (`id`)
) ENGINE=InnoDB AUTO_INCREMENT=241 DEFAULT CHARSET=utf8mb4 COLLATE=utf8mb4_0900_ai_ci;
/*!40101 SET character_set_client = @saved_cs_client */;

--
-- Dumping data for table `influencer_category`
--

LOCK TABLES `influencer_category` WRITE;
/*!40000 ALTER TABLE `influencer_category` DISABLE KEYS */;
INSERT INTO `influencer_category` VALUES (1,1,1,'2022-05-11 15:15:28.187678','2022-05-11 15:15:28.187678'),(2,1,2,'2022-05-11 15:15:35.153785','2022-05-11 15:15:35.153785'),(3,2,1,'2022-05-12 19:09:59.221912','2022-05-12 19:09:59.221912'),(4,2,12,'2022-05-12 19:09:59.252521','2022-05-12 19:09:59.252521'),(5,3,1,'2022-05-12 19:09:59.272115','2022-05-12 19:09:59.272115'),(6,3,2,'2022-05-12 19:09:59.289341','2022-05-12 19:09:59.289341'),(7,4,1,'2022-05-12 19:09:59.304737','2022-05-12 19:09:59.304737'),(8,4,2,'2022-05-12 19:09:59.320155','2022-05-12 19:09:59.320155'),(9,5,1,'2022-05-12 19:09:59.331262','2022-05-12 19:09:59.331262'),(10,5,8,'2022-05-12 19:09:59.341142','2022-05-12 19:09:59.341142'),(11,6,1,'2022-05-12 19:09:59.353181','2022-05-12 19:09:59.353181'),(12,6,12,'2022-05-12 19:09:59.362844','2022-05-12 19:09:59.362844'),(13,7,1,'2022-05-12 19:09:59.373163','2022-05-12 19:09:59.373163'),(14,7,5,'2022-05-12 19:09:59.382537','2022-05-12 19:09:59.382537'),(15,8,1,'2022-05-12 19:09:59.389639','2022-05-12 19:09:59.389639'),(16,8,5,'2022-05-12 19:09:59.397521','2022-05-12 19:09:59.397521'),(17,9,1,'2022-05-12 19:09:59.407224','2022-05-12 19:09:59.407224'),(18,9,3,'2022-05-12 19:09:59.417231','2022-05-12 19:09:59.417231'),(19,10,1,'2022-05-12 19:09:59.428404','2022-05-12 19:09:59.428404'),(20,10,3,'2022-05-12 19:09:59.442207','2022-05-12 19:09:59.442207'),(21,11,2,'2022-05-12 19:09:59.453299','2022-05-12 19:09:59.453299'),(22,11,1,'2022-05-12 19:09:59.468091','2022-05-12 19:09:59.468091'),(23,12,2,'2022-05-12 19:09:59.481798','2022-05-12 19:09:59.481798'),(24,12,4,'2022-05-12 19:09:59.490008','2022-05-12 19:09:59.490008'),(25,13,2,'2022-05-12 19:09:59.498031','2022-05-12 19:09:59.498031'),(26,13,4,'2022-05-12 19:09:59.514524','2022-05-12 19:09:59.514524'),(27,14,2,'2022-05-12 19:09:59.525008','2022-05-12 19:09:59.525008'),(28,14,4,'2022-05-12 19:09:59.537484','2022-05-12 19:09:59.537484'),(29,15,2,'2022-05-12 19:09:59.547764','2022-05-12 19:09:59.547764'),(30,15,5,'2022-05-12 19:09:59.556416','2022-05-12 19:09:59.556416'),(31,16,2,'2022-05-12 19:09:59.564707','2022-05-12 19:09:59.564707'),(32,16,5,'2022-05-12 19:09:59.571704','2022-05-12 19:09:59.571704'),(33,17,2,'2022-05-12 19:09:59.579689','2022-05-12 19:09:59.579689'),(34,17,1,'2022-05-12 19:09:59.592527','2022-05-12 19:09:59.592527'),(35,18,2,'2022-05-12 19:09:59.604747','2022-05-12 19:09:59.604747'),(36,18,1,'2022-05-12 19:09:59.613539','2022-05-12 19:09:59.613539'),(37,19,2,'2022-05-12 19:09:59.621329','2022-05-12 19:09:59.621329'),(38,19,4,'2022-05-12 19:09:59.629349','2022-05-12 19:09:59.629349'),(39,20,2,'2022-05-12 19:09:59.637239','2022-05-12 19:09:59.637239'),(40,20,4,'2022-05-12 19:09:59.650194','2022-05-12 19:09:59.650194'),(41,21,3,'2022-05-12 19:09:59.659744','2022-05-12 19:09:59.659744'),(42,21,5,'2022-05-12 19:09:59.672297','2022-05-12 19:09:59.672297'),(43,22,3,'2022-05-12 19:09:59.684011','2022-05-12 19:09:59.684011'),(44,22,5,'2022-05-12 19:09:59.698874','2022-05-12 19:09:59.698874'),(45,23,3,'2022-05-12 19:09:59.719554','2022-05-12 19:09:59.719554'),(46,23,5,'2022-05-12 19:09:59.732745','2022-05-12 19:09:59.732745'),(47,24,3,'2022-05-12 19:09:59.742945','2022-05-12 19:09:59.742945'),(48,24,5,'2022-05-12 19:09:59.751189','2022-05-12 19:09:59.751189'),(49,25,3,'2022-05-12 19:09:59.759044','2022-05-12 19:09:59.759044'),(50,25,5,'2022-05-12 19:09:59.768172','2022-05-12 19:09:59.768172'),(51,26,3,'2022-05-12 19:09:59.775788','2022-05-12 19:09:59.775788'),(52,26,12,'2022-05-12 19:09:59.787331','2022-05-12 19:09:59.787331'),(53,27,3,'2022-05-12 19:09:59.796765','2022-05-12 19:09:59.796765'),(54,27,1,'2022-05-12 19:09:59.817199','2022-05-12 19:09:59.817199'),(55,28,3,'2022-05-12 19:09:59.832289','2022-05-12 19:09:59.832289'),(56,28,12,'2022-05-12 19:09:59.840845','2022-05-12 19:09:59.840845'),(57,29,3,'2022-05-12 19:09:59.851528','2022-05-12 19:09:59.851528'),(58,29,1,'2022-05-12 19:09:59.864467','2022-05-12 19:09:59.864467'),(59,30,3,'2022-05-12 19:09:59.880883','2022-05-12 19:09:59.880883'),(60,30,1,'2022-05-12 19:09:59.899696','2022-05-12 19:09:59.899696'),(61,31,4,'2022-05-12 19:09:59.922253','2022-05-12 19:09:59.922253'),(62,31,5,'2022-05-12 19:09:59.935078','2022-05-12 19:09:59.935078'),(63,32,4,'2022-05-12 19:09:59.941998','2022-05-12 19:09:59.941998'),(64,32,5,'2022-05-12 19:09:59.951403','2022-05-12 19:09:59.951403'),(65,33,4,'2022-05-12 19:09:59.961658','2022-05-12 19:09:59.961658'),(66,33,5,'2022-05-12 19:09:59.972337','2022-05-12 19:09:59.972337'),(67,34,4,'2022-05-12 19:09:59.986257','2022-05-12 19:09:59.986257'),(68,34,2,'2022-05-12 19:09:59.994010','2022-05-12 19:09:59.994010'),(69,35,4,'2022-05-12 19:10:00.002781','2022-05-12 19:10:00.002781'),(70,35,2,'2022-05-12 19:10:00.009346','2022-05-12 19:10:00.009346'),(71,36,4,'2022-05-12 19:10:00.016098','2022-05-12 19:10:00.016098'),(72,36,2,'2022-05-12 19:10:00.021888','2022-05-12 19:10:00.021888'),(73,37,4,'2022-05-12 19:10:00.027402','2022-05-12 19:10:00.027402'),(74,37,11,'2022-05-12 19:10:00.033340','2022-05-12 19:10:00.033340'),(75,38,4,'2022-05-12 19:10:00.041771','2022-05-12 19:10:00.041771'),(76,38,11,'2022-05-12 19:10:00.054202','2022-05-12 19:10:00.054202'),(77,39,4,'2022-05-12 19:10:00.061201','2022-05-12 19:10:00.061201'),(78,39,11,'2022-05-12 19:10:00.067519','2022-05-12 19:10:00.067519'),(79,40,4,'2022-05-12 19:10:00.072976','2022-05-12 19:10:00.072976'),(80,40,6,'2022-05-12 19:10:00.078373','2022-05-12 19:10:00.078373'),(81,41,5,'2022-05-12 19:10:00.088342','2022-05-12 19:10:00.088342'),(82,41,1,'2022-05-12 19:10:00.097292','2022-05-12 19:10:00.097292'),(83,42,5,'2022-05-12 19:10:00.110188','2022-05-12 19:10:00.110188'),(84,42,1,'2022-05-12 19:10:00.121238','2022-05-12 19:10:00.121238'),(85,43,5,'2022-05-12 19:10:00.131441','2022-05-12 19:10:00.131441'),(86,43,3,'2022-05-12 19:10:00.137692','2022-05-12 19:10:00.137692'),(87,44,5,'2022-05-12 19:10:00.143634','2022-05-12 19:10:00.143634'),(88,44,3,'2022-05-12 19:10:00.150495','2022-05-12 19:10:00.150495'),(89,45,5,'2022-05-12 19:10:00.161452','2022-05-12 19:10:00.161452'),(90,45,4,'2022-05-12 19:10:00.169899','2022-05-12 19:10:00.169899'),(91,46,5,'2022-05-12 19:10:00.178163','2022-05-12 19:10:00.178163'),(92,46,4,'2022-05-12 19:10:00.186294','2022-05-12 19:10:00.186294'),(93,47,5,'2022-05-12 19:10:00.192550','2022-05-12 19:10:00.192550'),(94,47,8,'2022-05-12 19:10:00.198841','2022-05-12 19:10:00.198841'),(95,48,5,'2022-05-12 19:10:00.205351','2022-05-12 19:10:00.205351'),(96,48,8,'2022-05-12 19:10:00.214056','2022-05-12 19:10:00.214056'),(97,49,5,'2022-05-12 19:10:00.225058','2022-05-12 19:10:00.225058'),(98,49,3,'2022-05-12 19:10:00.233432','2022-05-12 19:10:00.233432'),(99,50,5,'2022-05-12 19:10:00.241397','2022-05-12 19:10:00.241397'),(100,50,3,'2022-05-12 19:10:00.252700','2022-05-12 19:10:00.252700'),(101,51,6,'2022-05-12 19:10:00.262574','2022-05-12 19:10:00.262574'),(102,51,4,'2022-05-12 19:10:00.271734','2022-05-12 19:10:00.271734'),(103,52,6,'2022-05-12 19:10:00.282574','2022-05-12 19:10:00.282574'),(104,52,4,'2022-05-12 19:10:00.292059','2022-05-12 19:10:00.292059'),(105,53,6,'2022-05-12 19:10:00.300405','2022-05-12 19:10:00.300405'),(106,53,2,'2022-05-12 19:10:00.308730','2022-05-12 19:10:00.308730'),(107,54,6,'2022-05-12 19:10:00.315262','2022-05-12 19:10:00.315262'),(108,54,2,'2022-05-12 19:10:00.321445','2022-05-12 19:10:00.321445'),(109,55,6,'2022-05-12 19:10:00.328083','2022-05-12 19:10:00.328083'),(110,55,10,'2022-05-12 19:10:00.334395','2022-05-12 19:10:00.334395'),(111,56,6,'2022-05-12 19:10:00.343536','2022-05-12 19:10:00.343536'),(112,56,10,'2022-05-12 19:10:00.353045','2022-05-12 19:10:00.353045'),(113,57,6,'2022-05-12 19:10:00.359851','2022-05-12 19:10:00.359851'),(114,57,3,'2022-05-12 19:10:00.367139','2022-05-12 19:10:00.367139'),(115,58,6,'2022-05-12 19:10:00.374302','2022-05-12 19:10:00.374302'),(116,58,3,'2022-05-12 19:10:00.380300','2022-05-12 19:10:00.380300'),(117,59,6,'2022-05-12 19:10:00.388113','2022-05-12 19:10:00.388113'),(118,59,2,'2022-05-12 19:10:00.399236','2022-05-12 19:10:00.399236'),(119,60,6,'2022-05-12 19:10:00.406233','2022-05-12 19:10:00.406233'),(120,60,2,'2022-05-12 19:10:00.417806','2022-05-12 19:10:00.417806'),(121,61,7,'2022-05-12 19:10:00.428711','2022-05-12 19:10:00.428711'),(122,61,1,'2022-05-12 19:10:00.436178','2022-05-12 19:10:00.436178'),(123,62,7,'2022-05-12 19:10:00.447033','2022-05-12 19:10:00.447033'),(124,62,3,'2022-05-12 19:10:00.452932','2022-05-12 19:10:00.452932'),(125,63,7,'2022-05-12 19:10:00.465142','2022-05-12 19:10:00.465142'),(126,63,5,'2022-05-12 19:10:00.473030','2022-05-12 19:10:00.473030'),(127,64,7,'2022-05-12 19:10:00.481663','2022-05-12 19:10:00.481663'),(128,64,4,'2022-05-12 19:10:00.499477','2022-05-12 19:10:00.499477'),(129,65,7,'2022-05-12 19:10:00.511396','2022-05-12 19:10:00.511396'),(130,65,11,'2022-05-12 19:10:00.540263','2022-05-12 19:10:00.540263'),(131,66,7,'2022-05-12 19:10:00.553335','2022-05-12 19:10:00.553335'),(132,66,12,'2022-05-12 19:10:00.561749','2022-05-12 19:10:00.561749'),(133,67,7,'2022-05-12 19:10:00.568819','2022-05-12 19:10:00.568819'),(134,67,10,'2022-05-12 19:10:00.576941','2022-05-12 19:10:00.576941'),(135,68,7,'2022-05-12 19:10:00.627137','2022-05-12 19:10:00.627137'),(136,68,9,'2022-05-12 19:10:00.650784','2022-05-12 19:10:00.650784'),(137,69,7,'2022-05-12 19:10:00.657457','2022-05-12 19:10:00.657457'),(138,69,9,'2022-05-12 19:10:00.665402','2022-05-12 19:10:00.665402'),(139,70,7,'2022-05-12 19:10:00.671928','2022-05-12 19:10:00.671928'),(140,70,8,'2022-05-12 19:10:00.678589','2022-05-12 19:10:00.678589'),(141,71,8,'2022-05-12 19:10:00.689113','2022-05-12 19:10:00.689113'),(142,71,9,'2022-05-12 19:10:00.696060','2022-05-12 19:10:00.696060'),(143,72,8,'2022-05-12 19:10:00.702029','2022-05-12 19:10:00.702029'),(144,72,9,'2022-05-12 19:10:00.708231','2022-05-12 19:10:00.708231'),(145,73,8,'2022-05-12 19:10:00.713944','2022-05-12 19:10:00.713944'),(146,73,9,'2022-05-12 19:10:00.723356','2022-05-12 19:10:00.723356'),(147,74,8,'2022-05-12 19:10:00.730421','2022-05-12 19:10:00.730421'),(148,74,5,'2022-05-12 19:10:00.741598','2022-05-12 19:10:00.741598'),(149,75,8,'2022-05-12 19:10:00.747643','2022-05-12 19:10:00.747643'),(150,75,5,'2022-05-12 19:10:00.753352','2022-05-12 19:10:00.753352'),(151,76,8,'2022-05-12 19:10:00.759874','2022-05-12 19:10:00.759874'),(152,76,5,'2022-05-12 19:10:00.767926','2022-05-12 19:10:00.767926'),(153,77,8,'2022-05-12 19:10:00.776873','2022-05-12 19:10:00.776873'),(154,77,3,'2022-05-12 19:10:00.783982','2022-05-12 19:10:00.783982'),(155,78,8,'2022-05-12 19:10:00.790365','2022-05-12 19:10:00.790365'),(156,78,3,'2022-05-12 19:10:00.796316','2022-05-12 19:10:00.796316'),(157,79,8,'2022-05-12 19:10:00.802231','2022-05-12 19:10:00.802231'),(158,79,7,'2022-05-12 19:10:00.807557','2022-05-12 19:10:00.807557'),(159,80,8,'2022-05-12 19:10:00.813527','2022-05-12 19:10:00.813527'),(160,80,7,'2022-05-12 19:10:00.819379','2022-05-12 19:10:00.819379'),(161,81,9,'2022-05-12 19:10:00.825454','2022-05-12 19:10:00.825454'),(162,81,10,'2022-05-12 19:10:00.831641','2022-05-12 19:10:00.831641'),(163,82,9,'2022-05-12 19:10:00.837133','2022-05-12 19:10:00.837133'),(164,82,10,'2022-05-12 19:10:00.844475','2022-05-12 19:10:00.844475'),(165,83,9,'2022-05-12 19:10:00.851109','2022-05-12 19:10:00.851109'),(166,83,11,'2022-05-12 19:10:00.864699','2022-05-12 19:10:00.864699'),(167,84,9,'2022-05-12 19:10:00.870741','2022-05-12 19:10:00.870741'),(168,84,11,'2022-05-12 19:10:00.889440','2022-05-12 19:10:00.889440'),(169,85,9,'2022-05-12 19:10:00.897970','2022-05-12 19:10:00.897970'),(170,85,12,'2022-05-12 19:10:00.908650','2022-05-12 19:10:00.908650'),(171,86,9,'2022-05-12 19:10:00.925786','2022-05-12 19:10:00.925786'),(172,86,12,'2022-05-12 19:10:00.934902','2022-05-12 19:10:00.934902'),(173,87,9,'2022-05-12 19:10:00.941025','2022-05-12 19:10:00.941025'),(174,87,12,'2022-05-12 19:10:00.946328','2022-05-12 19:10:00.946328'),(175,88,9,'2022-05-12 19:10:00.957319','2022-05-12 19:10:00.957319'),(176,88,12,'2022-05-12 19:10:00.974366','2022-05-12 19:10:00.974366'),(177,89,9,'2022-05-12 19:10:00.983782','2022-05-12 19:10:00.983782'),(178,89,4,'2022-05-12 19:10:00.991449','2022-05-12 19:10:00.991449'),(179,90,9,'2022-05-12 19:10:00.997413','2022-05-12 19:10:00.997413'),(180,90,4,'2022-05-12 19:10:01.007032','2022-05-12 19:10:01.007032'),(181,91,10,'2022-05-12 19:10:01.012118','2022-05-12 19:10:01.012118'),(182,91,9,'2022-05-12 19:10:01.017483','2022-05-12 19:10:01.017483'),(183,92,10,'2022-05-12 19:10:01.024998','2022-05-12 19:10:01.024998'),(184,92,9,'2022-05-12 19:10:01.032483','2022-05-12 19:10:01.032483'),(185,93,10,'2022-05-12 19:10:01.038629','2022-05-12 19:10:01.038629'),(186,93,9,'2022-05-12 19:10:01.046262','2022-05-12 19:10:01.046262'),(187,94,10,'2022-05-12 19:10:01.053250','2022-05-12 19:10:01.053250'),(188,94,12,'2022-05-12 19:10:01.064773','2022-05-12 19:10:01.064773'),(189,95,10,'2022-05-12 19:10:01.071771','2022-05-12 19:10:01.071771'),(190,95,12,'2022-05-12 19:10:01.077701','2022-05-12 19:10:01.077701'),(191,96,10,'2022-05-12 19:10:01.082684','2022-05-12 19:10:01.082684'),(192,96,12,'2022-05-12 19:10:01.087090','2022-05-12 19:10:01.087090'),(193,97,10,'2022-05-12 19:10:01.093209','2022-05-12 19:10:01.093209'),(194,97,12,'2022-05-12 19:10:01.102871','2022-05-12 19:10:01.102871'),(195,98,10,'2022-05-12 19:10:01.113321','2022-05-12 19:10:01.113321'),(196,98,3,'2022-05-12 19:10:01.121436','2022-05-12 19:10:01.121436'),(197,99,10,'2022-05-12 19:10:01.127263','2022-05-12 19:10:01.127263'),(198,99,12,'2022-05-12 19:10:01.133582','2022-05-12 19:10:01.133582'),(199,100,10,'2022-05-12 19:10:01.138633','2022-05-12 19:10:01.138633'),(200,100,12,'2022-05-12 19:10:01.143313','2022-05-12 19:10:01.143313'),(201,101,11,'2022-05-12 19:10:01.152502','2022-05-12 19:10:01.152502'),(202,101,4,'2022-05-12 19:10:01.160303','2022-05-12 19:10:01.160303'),(203,102,11,'2022-05-12 19:10:01.165359','2022-05-12 19:10:01.165359'),(204,102,4,'2022-05-12 19:10:01.170144','2022-05-12 19:10:01.170144'),(205,103,11,'2022-05-12 19:10:01.175057','2022-05-12 19:10:01.175057'),(206,103,4,'2022-05-12 19:10:01.180310','2022-05-12 19:10:01.180310'),(207,104,11,'2022-05-12 19:10:01.186125','2022-05-12 19:10:01.186125'),(208,104,4,'2022-05-12 19:10:01.191502','2022-05-12 19:10:01.191502'),(209,105,11,'2022-05-12 19:10:01.196974','2022-05-12 19:10:01.196974'),(210,105,2,'2022-05-12 19:10:01.203261','2022-05-12 19:10:01.203261'),(211,106,11,'2022-05-12 19:10:01.208400','2022-05-12 19:10:01.208400'),(212,106,2,'2022-05-12 19:10:01.215545','2022-05-12 19:10:01.215545'),(213,107,11,'2022-05-12 19:10:01.222995','2022-05-12 19:10:01.222995'),(214,107,2,'2022-05-12 19:10:01.228609','2022-05-12 19:10:01.228609'),(215,108,11,'2022-05-12 19:10:01.233461','2022-05-12 19:10:01.233461'),(216,108,2,'2022-05-12 19:10:01.238116','2022-05-12 19:10:01.238116'),(217,109,11,'2022-05-12 19:10:01.242958','2022-05-12 19:10:01.242958'),(218,109,9,'2022-05-12 19:10:01.247752','2022-05-12 19:10:01.247752'),(219,110,11,'2022-05-12 19:10:01.258244','2022-05-12 19:10:01.258244'),(220,110,9,'2022-05-12 19:10:01.266988','2022-05-12 19:10:01.266988'),(221,111,12,'2022-05-12 19:10:01.272307','2022-05-12 19:10:01.272307'),(222,111,9,'2022-05-12 19:10:01.277033','2022-05-12 19:10:01.277033'),(223,112,12,'2022-05-12 19:10:01.282230','2022-05-12 19:10:01.282230'),(224,112,9,'2022-05-12 19:10:01.289122','2022-05-12 19:10:01.289122'),(225,113,12,'2022-05-12 19:10:01.295605','2022-05-12 19:10:01.295605'),(226,113,9,'2022-05-12 19:10:01.301014','2022-05-12 19:10:01.301014'),(227,114,12,'2022-05-12 19:10:01.306448','2022-05-12 19:10:01.306448'),(228,114,9,'2022-05-12 19:10:01.311322','2022-05-12 19:10:01.311322'),(229,115,12,'2022-05-12 19:10:01.318721','2022-05-12 19:10:01.318721'),(230,115,7,'2022-05-12 19:10:01.330066','2022-05-12 19:10:01.330066'),(231,116,12,'2022-05-12 19:10:01.337969','2022-05-12 19:10:01.337969'),(232,116,8,'2022-05-12 19:10:01.347464','2022-05-12 19:10:01.347464'),(233,117,12,'2022-05-12 19:10:01.353174','2022-05-12 19:10:01.353174'),(234,117,8,'2022-05-12 19:10:01.358285','2022-05-12 19:10:01.358285'),(235,118,12,'2022-05-12 19:10:01.366423','2022-05-12 19:10:01.366423'),(236,118,10,'2022-05-12 19:10:01.371920','2022-05-12 19:10:01.371920'),(237,119,12,'2022-05-12 19:10:01.379083','2022-05-12 19:10:01.379083'),(238,119,10,'2022-05-12 19:10:01.385694','2022-05-12 19:10:01.385694'),(239,120,12,'2022-05-12 19:10:01.395787','2022-05-12 19:10:01.395787'),(240,120,11,'2022-05-12 19:10:01.403239','2022-05-12 19:10:01.403239');
/*!40000 ALTER TABLE `influencer_category` ENABLE KEYS */;
UNLOCK TABLES;

--
-- Table structure for table `influencer_hashtag`
--

DROP TABLE IF EXISTS `influencer_hashtag`;
/*!40101 SET @saved_cs_client     = @@character_set_client */;
/*!50503 SET character_set_client = utf8mb4 */;
CREATE TABLE `influencer_hashtag` (
  `id` int NOT NULL AUTO_INCREMENT,
  `influencerID` int NOT NULL,
  `hashtagID` int NOT NULL,
  `created_at` datetime(6) NOT NULL DEFAULT CURRENT_TIMESTAMP(6),
  `updated_at` datetime(6) NOT NULL DEFAULT CURRENT_TIMESTAMP(6) ON UPDATE CURRENT_TIMESTAMP(6),
  PRIMARY KEY (`id`),
  KEY `FK_3bafea3bca587136b00ff8a08aa` (`influencerID`),
  KEY `FK_db4d980ca9e05f823772a53035d` (`hashtagID`),
  CONSTRAINT `FK_3bafea3bca587136b00ff8a08aa` FOREIGN KEY (`influencerID`) REFERENCES `influencer` (`id`),
  CONSTRAINT `FK_db4d980ca9e05f823772a53035d` FOREIGN KEY (`hashtagID`) REFERENCES `hashtag` (`id`) ON DELETE CASCADE
) ENGINE=InnoDB AUTO_INCREMENT=485 DEFAULT CHARSET=utf8mb4 COLLATE=utf8mb4_0900_ai_ci;
/*!40101 SET character_set_client = @saved_cs_client */;

--
-- Dumping data for table `influencer_hashtag`
--

LOCK TABLES `influencer_hashtag` WRITE;
/*!40000 ALTER TABLE `influencer_hashtag` DISABLE KEYS */;
INSERT INTO `influencer_hashtag` VALUES (1,1,1,'2022-05-11 15:16:02.696399','2022-05-12 19:11:28.086027'),(2,1,2,'2022-05-11 15:16:02.704639','2022-05-12 19:11:28.091960'),(3,1,5,'2022-05-11 15:16:02.712702','2022-05-12 23:00:10.415893'),(4,1,8,'2022-05-11 15:16:02.718905','2022-05-12 23:00:10.436368'),(9,2,1,'2022-05-12 23:00:10.453071','2022-05-12 23:00:10.453071'),(10,2,3,'2022-05-12 23:00:10.462774','2022-05-12 23:00:10.462774'),(11,2,48,'2022-05-12 23:00:10.473912','2022-05-12 23:00:10.473912'),(12,2,45,'2022-05-12 23:00:10.484304','2022-05-12 23:00:10.484304'),(13,3,2,'2022-05-12 23:00:10.497588','2022-05-12 23:00:10.497588'),(14,3,4,'2022-05-12 23:00:10.505803','2022-05-12 23:00:10.505803'),(15,3,6,'2022-05-12 23:00:10.513664','2022-05-12 23:00:10.513664'),(16,3,7,'2022-05-12 23:00:10.523094','2022-05-12 23:00:10.523094'),(17,4,1,'2022-05-12 23:00:10.537820','2022-05-12 23:00:10.537820'),(18,4,3,'2022-05-12 23:00:10.547209','2022-05-12 23:00:10.547209'),(19,4,8,'2022-05-12 23:00:10.555835','2022-05-12 23:00:10.555835'),(20,4,7,'2022-05-12 23:00:10.564042','2022-05-12 23:00:10.564042'),(21,5,4,'2022-05-12 23:00:10.575496','2022-05-12 23:00:10.575496'),(22,5,2,'2022-05-12 23:00:10.586107','2022-05-12 23:00:10.586107'),(23,5,29,'2022-05-12 23:00:10.595490','2022-05-12 23:00:10.595490'),(24,5,30,'2022-05-12 23:00:10.602681','2022-05-12 23:00:10.602681'),(25,6,3,'2022-05-12 23:00:10.614851','2022-05-12 23:00:10.614851'),(26,6,4,'2022-05-12 23:00:10.622585','2022-05-12 23:00:10.622585'),(27,6,45,'2022-05-12 23:00:10.631473','2022-05-12 23:00:10.631473'),(28,6,46,'2022-05-12 23:00:10.638341','2022-05-12 23:00:10.638341'),(29,7,2,'2022-05-12 23:00:10.645880','2022-05-12 23:00:10.645880'),(30,7,3,'2022-05-12 23:00:10.652878','2022-05-12 23:00:10.652878'),(31,7,25,'2022-05-12 23:00:10.664500','2022-05-12 23:00:10.664500'),(32,7,26,'2022-05-12 23:00:10.673516','2022-05-12 23:00:10.673516'),(33,8,1,'2022-05-12 23:00:10.681020','2022-05-12 23:00:10.681020'),(34,8,4,'2022-05-12 23:00:10.688494','2022-05-12 23:00:10.688494'),(35,8,17,'2022-05-12 23:00:10.703663','2022-05-12 23:00:10.703663'),(36,8,19,'2022-05-12 23:00:10.717077','2022-05-12 23:00:10.717077'),(37,9,3,'2022-05-12 23:00:10.723062','2022-05-12 23:00:10.723062'),(38,9,4,'2022-05-12 23:00:10.728803','2022-05-12 23:00:10.728803'),(39,9,10,'2022-05-12 23:00:10.734985','2022-05-12 23:00:10.734985'),(40,9,11,'2022-05-12 23:00:10.741139','2022-05-12 23:00:10.741139'),(41,10,2,'2022-05-12 23:00:10.747019','2022-05-12 23:00:10.747019'),(42,10,3,'2022-05-12 23:00:10.752441','2022-05-12 23:00:10.752441'),(43,10,9,'2022-05-12 23:00:10.758234','2022-05-12 23:00:10.758234'),(44,10,12,'2022-05-12 23:00:10.765799','2022-05-12 23:00:10.765799'),(45,11,5,'2022-05-12 23:00:10.780119','2022-05-12 23:00:10.780119'),(46,11,6,'2022-05-12 23:00:10.788576','2022-05-12 23:00:10.788576'),(47,11,3,'2022-05-12 23:00:10.795928','2022-05-12 23:00:10.795928'),(48,11,4,'2022-05-12 23:00:10.800707','2022-05-12 23:00:10.800707'),(49,12,7,'2022-05-12 23:00:10.808624','2022-05-12 23:00:10.808624'),(50,12,8,'2022-05-12 23:00:10.814599','2022-05-12 23:00:10.814599'),(51,12,16,'2022-05-12 23:00:10.820212','2022-05-12 23:00:10.820212'),(52,12,13,'2022-05-12 23:00:10.827278','2022-05-12 23:00:10.827278'),(53,13,7,'2022-05-12 23:00:10.833689','2022-05-12 23:00:10.833689'),(54,13,5,'2022-05-12 23:00:10.839047','2022-05-12 23:00:10.839047'),(55,13,13,'2022-05-12 23:00:10.844896','2022-05-12 23:00:10.844896'),(56,13,14,'2022-05-12 23:00:10.851544','2022-05-12 23:00:10.851544'),(57,14,6,'2022-05-12 23:00:10.863073','2022-05-12 23:00:10.863073'),(58,14,7,'2022-05-12 23:00:10.869568','2022-05-12 23:00:10.869568'),(59,14,15,'2022-05-12 23:00:10.875507','2022-05-12 23:00:10.875507'),(60,14,13,'2022-05-12 23:00:10.882961','2022-05-12 23:00:10.882961'),(61,15,5,'2022-05-12 23:00:10.888734','2022-05-12 23:00:10.888734'),(62,15,8,'2022-05-12 23:00:10.895305','2022-05-12 23:00:10.895305'),(63,15,20,'2022-05-12 23:00:10.903653','2022-05-12 23:00:10.903653'),(64,15,19,'2022-05-12 23:00:10.912625','2022-05-12 23:00:10.912625'),(65,16,7,'2022-05-12 23:00:10.929541','2022-05-12 23:00:10.929541'),(66,16,5,'2022-05-12 23:00:10.936350','2022-05-12 23:00:10.936350'),(67,16,17,'2022-05-12 23:00:10.943505','2022-05-12 23:00:10.943505'),(68,16,18,'2022-05-12 23:00:10.949703','2022-05-12 23:00:10.949703'),(69,17,5,'2022-05-12 23:00:10.956584','2022-05-12 23:00:10.956584'),(70,17,7,'2022-05-12 23:00:10.964533','2022-05-12 23:00:10.964533'),(71,17,1,'2022-05-12 23:00:10.969410','2022-05-12 23:00:10.969410'),(72,17,2,'2022-05-12 23:00:10.973959','2022-05-12 23:00:10.973959'),(73,18,8,'2022-05-12 23:00:10.982973','2022-05-12 23:00:10.982973'),(74,18,6,'2022-05-12 23:00:10.988114','2022-05-12 23:00:10.988114'),(75,18,2,'2022-05-12 23:00:10.996472','2022-05-12 23:00:10.996472'),(76,18,3,'2022-05-12 23:00:11.007914','2022-05-12 23:00:11.007914'),(77,19,5,'2022-05-12 23:00:11.017144','2022-05-12 23:00:11.017144'),(78,19,6,'2022-05-12 23:00:11.027252','2022-05-12 23:00:11.027252'),(79,19,16,'2022-05-12 23:00:11.038093','2022-05-12 23:00:11.038093'),(80,19,15,'2022-05-12 23:00:11.046873','2022-05-12 23:00:11.046873'),(81,20,6,'2022-05-12 23:00:11.051996','2022-05-12 23:00:11.051996'),(82,20,7,'2022-05-12 23:00:11.062712','2022-05-12 23:00:11.062712'),(83,20,13,'2022-05-12 23:00:11.069465','2022-05-12 23:00:11.069465'),(84,20,14,'2022-05-12 23:00:11.075279','2022-05-12 23:00:11.075279'),(85,21,11,'2022-05-12 23:00:11.080967','2022-05-12 23:00:11.080967'),(86,21,12,'2022-05-12 23:00:11.088800','2022-05-12 23:00:11.088800'),(87,21,17,'2022-05-12 23:00:11.094643','2022-05-12 23:00:11.094643'),(88,21,20,'2022-05-12 23:00:11.099696','2022-05-12 23:00:11.099696'),(89,22,9,'2022-05-12 23:00:11.109422','2022-05-12 23:00:11.109422'),(90,22,10,'2022-05-12 23:00:11.121512','2022-05-12 23:00:11.121512'),(91,22,17,'2022-05-12 23:00:11.129123','2022-05-12 23:00:11.129123'),(92,22,18,'2022-05-12 23:00:11.135733','2022-05-12 23:00:11.135733'),(93,23,10,'2022-05-12 23:00:11.140702','2022-05-12 23:00:11.140702'),(94,23,11,'2022-05-12 23:00:11.148295','2022-05-12 23:00:11.148295'),(95,23,18,'2022-05-12 23:00:11.158034','2022-05-12 23:00:11.158034'),(96,23,19,'2022-05-12 23:00:11.165095','2022-05-12 23:00:11.165095'),(97,24,10,'2022-05-12 23:00:11.174984','2022-05-12 23:00:11.174984'),(98,24,12,'2022-05-12 23:00:11.183795','2022-05-12 23:00:11.183795'),(99,24,17,'2022-05-12 23:00:11.189296','2022-05-12 23:00:11.189296'),(100,24,20,'2022-05-12 23:00:11.196060','2022-05-12 23:00:11.196060'),(101,25,9,'2022-05-12 23:00:11.202493','2022-05-12 23:00:11.202493'),(102,25,11,'2022-05-12 23:00:11.216019','2022-05-12 23:00:11.216019'),(103,25,20,'2022-05-12 23:00:11.224339','2022-05-12 23:00:11.224339'),(104,25,19,'2022-05-12 23:00:11.268477','2022-05-12 23:00:11.268477'),(105,26,11,'2022-05-12 23:00:11.291367','2022-05-12 23:00:11.291367'),(106,26,12,'2022-05-12 23:00:11.299136','2022-05-12 23:00:11.299136'),(107,26,45,'2022-05-12 23:00:11.307028','2022-05-12 23:00:11.307028'),(108,26,46,'2022-05-12 23:00:11.312243','2022-05-12 23:00:11.312243'),(109,27,12,'2022-05-12 23:00:11.347863','2022-05-12 23:00:11.347863'),(110,27,11,'2022-05-12 23:00:11.359550','2022-05-12 23:00:11.359550'),(111,27,1,'2022-05-12 23:00:11.366725','2022-05-12 23:00:11.366725'),(112,27,3,'2022-05-12 23:00:11.371427','2022-05-12 23:00:11.371427'),(113,28,9,'2022-05-12 23:00:11.377918','2022-05-12 23:00:11.377918'),(114,28,10,'2022-05-12 23:00:11.382346','2022-05-12 23:00:11.382346'),(115,28,45,'2022-05-12 23:00:11.387654','2022-05-12 23:00:11.387654'),(116,28,47,'2022-05-12 23:00:11.394249','2022-05-12 23:00:11.394249'),(117,29,11,'2022-05-12 23:00:11.400118','2022-05-12 23:00:11.400118'),(118,29,12,'2022-05-12 23:00:11.405940','2022-05-12 23:00:11.405940'),(119,29,2,'2022-05-12 23:00:11.412321','2022-05-12 23:00:11.412321'),(120,29,3,'2022-05-12 23:00:11.426444','2022-05-12 23:00:11.426444'),(121,30,9,'2022-05-12 23:00:11.433490','2022-05-12 23:00:11.433490'),(122,30,10,'2022-05-12 23:00:11.441890','2022-05-12 23:00:11.441890'),(123,30,3,'2022-05-12 23:00:11.450121','2022-05-12 23:00:11.450121'),(124,30,4,'2022-05-12 23:00:11.456666','2022-05-12 23:00:11.456666'),(125,31,16,'2022-05-12 23:00:11.464863','2022-05-12 23:00:11.464863'),(126,31,15,'2022-05-12 23:00:11.471784','2022-05-12 23:00:11.471784'),(127,31,17,'2022-05-12 23:00:11.479817','2022-05-12 23:00:11.479817'),(128,31,20,'2022-05-12 23:00:11.488153','2022-05-12 23:00:11.488153'),(129,32,14,'2022-05-12 23:00:11.496114','2022-05-12 23:00:11.496114'),(130,32,13,'2022-05-12 23:00:11.501130','2022-05-12 23:00:11.501130'),(131,32,18,'2022-05-12 23:00:11.509712','2022-05-12 23:00:11.509712'),(132,32,19,'2022-05-12 23:00:11.517635','2022-05-12 23:00:11.517635'),(133,33,13,'2022-05-12 23:00:11.523532','2022-05-12 23:00:11.523532'),(134,33,15,'2022-05-12 23:00:11.530690','2022-05-12 23:00:11.530690'),(135,33,20,'2022-05-12 23:00:11.536723','2022-05-12 23:00:11.536723'),(136,33,19,'2022-05-12 23:00:11.544418','2022-05-12 23:00:11.544418'),(137,34,14,'2022-05-12 23:00:11.550685','2022-05-12 23:00:11.550685'),(138,34,16,'2022-05-12 23:00:11.558819','2022-05-12 23:00:11.558819'),(139,34,8,'2022-05-12 23:00:11.567081','2022-05-12 23:00:11.567081'),(140,34,7,'2022-05-12 23:00:11.572764','2022-05-12 23:00:11.572764'),(141,35,16,'2022-05-12 23:00:11.578234','2022-05-12 23:00:11.578234'),(142,35,14,'2022-05-12 23:00:11.586328','2022-05-12 23:00:11.586328'),(143,35,5,'2022-05-12 23:00:11.591609','2022-05-12 23:00:11.591609'),(144,35,6,'2022-05-12 23:00:11.596806','2022-05-12 23:00:11.596806'),(145,36,14,'2022-05-12 23:00:11.602048','2022-05-12 23:00:11.602048'),(146,36,15,'2022-05-12 23:00:11.607451','2022-05-12 23:00:11.607451'),(147,36,5,'2022-05-12 23:00:11.613338','2022-05-12 23:00:11.613338'),(148,36,8,'2022-05-12 23:00:11.619018','2022-05-12 23:00:11.619018'),(149,37,13,'2022-05-12 23:00:11.630922','2022-05-12 23:00:11.630922'),(150,37,14,'2022-05-12 23:00:11.639645','2022-05-12 23:00:11.639645'),(151,37,43,'2022-05-12 23:00:11.646606','2022-05-12 23:00:11.646606'),(152,37,44,'2022-05-12 23:00:11.651784','2022-05-12 23:00:11.651784'),(153,38,14,'2022-05-12 23:00:11.658114','2022-05-12 23:00:11.658114'),(154,38,13,'2022-05-12 23:00:11.666687','2022-05-12 23:00:11.666687'),(155,38,41,'2022-05-12 23:00:11.673169','2022-05-12 23:00:11.673169'),(156,38,42,'2022-05-12 23:00:11.679549','2022-05-12 23:00:11.679549'),(157,39,16,'2022-05-12 23:00:11.691327','2022-05-12 23:00:11.691327'),(158,39,15,'2022-05-12 23:00:11.698946','2022-05-12 23:00:11.698946'),(159,39,43,'2022-05-12 23:00:11.703604','2022-05-12 23:00:11.703604'),(160,39,41,'2022-05-12 23:00:11.709498','2022-05-12 23:00:11.709498'),(161,40,14,'2022-05-12 23:00:11.717148','2022-05-12 23:00:11.717148'),(162,40,13,'2022-05-12 23:00:11.723138','2022-05-12 23:00:11.723138'),(163,40,21,'2022-05-12 23:00:11.729046','2022-05-12 23:00:11.729046'),(164,40,24,'2022-05-12 23:00:11.737286','2022-05-12 23:00:11.737286'),(165,41,17,'2022-05-12 23:00:11.742433','2022-05-12 23:00:11.742433'),(166,41,18,'2022-05-12 23:00:11.751056','2022-05-12 23:00:11.751056'),(167,41,1,'2022-05-12 23:00:11.756391','2022-05-12 23:00:11.756391'),(168,41,2,'2022-05-12 23:00:11.762331','2022-05-12 23:00:11.762331'),(169,42,20,'2022-05-12 23:00:11.767754','2022-05-12 23:00:11.767754'),(170,42,17,'2022-05-12 23:00:11.772387','2022-05-12 23:00:11.772387'),(171,42,2,'2022-05-12 23:00:11.778183','2022-05-12 23:00:11.778183'),(172,42,3,'2022-05-12 23:00:11.783758','2022-05-12 23:00:11.783758'),(173,43,19,'2022-05-12 23:00:11.790197','2022-05-12 23:00:11.790197'),(174,43,18,'2022-05-12 23:00:11.796830','2022-05-12 23:00:11.796830'),(175,43,10,'2022-05-12 23:00:11.802784','2022-05-12 23:00:11.802784'),(176,43,11,'2022-05-12 23:00:11.809098','2022-05-12 23:00:11.809098'),(177,44,17,'2022-05-12 23:00:11.816143','2022-05-12 23:00:11.816143'),(178,44,18,'2022-05-12 23:00:11.824453','2022-05-12 23:00:11.824453'),(179,44,11,'2022-05-12 23:00:11.829242','2022-05-12 23:00:11.829242'),(180,44,12,'2022-05-12 23:00:11.833050','2022-05-12 23:00:11.833050'),(181,45,17,'2022-05-12 23:00:11.837764','2022-05-12 23:00:11.837764'),(182,45,20,'2022-05-12 23:00:11.842414','2022-05-12 23:00:11.842414'),(183,45,13,'2022-05-12 23:00:11.847955','2022-05-12 23:00:11.847955'),(184,45,16,'2022-05-12 23:00:11.852604','2022-05-12 23:00:11.852604'),(185,46,18,'2022-05-12 23:00:11.859049','2022-05-12 23:00:11.859049'),(186,46,20,'2022-05-12 23:00:11.865022','2022-05-12 23:00:11.865022'),(187,46,13,'2022-05-12 23:00:11.871169','2022-05-12 23:00:11.871169'),(188,46,16,'2022-05-12 23:00:11.877215','2022-05-12 23:00:11.877215'),(189,47,17,'2022-05-12 23:00:11.885747','2022-05-12 23:00:11.885747'),(190,47,20,'2022-05-12 23:00:11.892740','2022-05-12 23:00:11.892740'),(191,47,32,'2022-05-12 23:00:11.900628','2022-05-12 23:00:11.900628'),(192,47,31,'2022-05-12 23:00:11.906293','2022-05-12 23:00:11.906293'),(193,48,17,'2022-05-12 23:00:11.913660','2022-05-12 23:00:11.913660'),(194,48,20,'2022-05-12 23:00:11.919421','2022-05-12 23:00:11.919421'),(195,48,29,'2022-05-12 23:00:11.924681','2022-05-12 23:00:11.924681'),(196,48,30,'2022-05-12 23:00:11.930574','2022-05-12 23:00:11.930574'),(197,49,18,'2022-05-12 23:00:11.935952','2022-05-12 23:00:11.935952'),(198,49,20,'2022-05-12 23:00:11.941472','2022-05-12 23:00:11.941472'),(199,49,10,'2022-05-12 23:00:11.947993','2022-05-12 23:00:11.947993'),(200,49,12,'2022-05-12 23:00:11.953865','2022-05-12 23:00:11.953865'),(201,50,19,'2022-05-12 23:00:11.959478','2022-05-12 23:00:11.959478'),(202,50,20,'2022-05-12 23:00:11.965666','2022-05-12 23:00:11.965666'),(203,50,9,'2022-05-12 23:00:11.971578','2022-05-12 23:00:11.971578'),(204,50,10,'2022-05-12 23:00:11.976837','2022-05-12 23:00:11.976837'),(205,51,21,'2022-05-12 23:00:11.983143','2022-05-12 23:00:11.983143'),(206,51,22,'2022-05-12 23:00:11.988578','2022-05-12 23:00:11.988578'),(207,51,15,'2022-05-12 23:00:11.995306','2022-05-12 23:00:11.995306'),(208,51,16,'2022-05-12 23:00:12.000334','2022-05-12 23:00:12.000334'),(209,52,23,'2022-05-12 23:00:12.005257','2022-05-12 23:00:12.005257'),(210,52,24,'2022-05-12 23:00:12.010496','2022-05-12 23:00:12.010496'),(211,52,13,'2022-05-12 23:00:12.018264','2022-05-12 23:00:12.018264'),(212,52,14,'2022-05-12 23:00:12.033331','2022-05-12 23:00:12.033331'),(213,53,22,'2022-05-12 23:00:12.039840','2022-05-12 23:00:12.039840'),(214,53,24,'2022-05-12 23:00:12.044827','2022-05-12 23:00:12.044827'),(215,53,7,'2022-05-12 23:00:12.049633','2022-05-12 23:00:12.049633'),(216,53,8,'2022-05-12 23:00:12.056664','2022-05-12 23:00:12.056664'),(217,54,21,'2022-05-12 23:00:12.068981','2022-05-12 23:00:12.068981'),(218,54,23,'2022-05-12 23:00:12.080547','2022-05-12 23:00:12.080547'),(219,54,5,'2022-05-12 23:00:12.090491','2022-05-12 23:00:12.090491'),(220,54,6,'2022-05-12 23:00:12.097263','2022-05-12 23:00:12.097263'),(221,55,21,'2022-05-12 23:00:12.102388','2022-05-12 23:00:12.102388'),(222,55,24,'2022-05-12 23:00:12.106886','2022-05-12 23:00:12.106886'),(223,55,37,'2022-05-12 23:00:12.113850','2022-05-12 23:00:12.113850'),(224,55,38,'2022-05-12 23:00:12.120906','2022-05-12 23:00:12.120906'),(225,56,22,'2022-05-12 23:00:12.127638','2022-05-12 23:00:12.127638'),(226,56,23,'2022-05-12 23:00:12.133221','2022-05-12 23:00:12.133221'),(227,56,39,'2022-05-12 23:00:12.138567','2022-05-12 23:00:12.138567'),(228,56,40,'2022-05-12 23:00:12.144305','2022-05-12 23:00:12.144305'),(229,57,21,'2022-05-12 23:00:12.149422','2022-05-12 23:00:12.149422'),(230,57,23,'2022-05-12 23:00:12.154416','2022-05-12 23:00:12.154416'),(231,57,12,'2022-05-12 23:00:12.160701','2022-05-12 23:00:12.160701'),(232,57,11,'2022-05-12 23:00:12.167506','2022-05-12 23:00:12.167506'),(233,58,22,'2022-05-12 23:00:12.173984','2022-05-12 23:00:12.173984'),(234,58,23,'2022-05-12 23:00:12.178985','2022-05-12 23:00:12.178985'),(235,58,12,'2022-05-12 23:00:12.183700','2022-05-12 23:00:12.183700'),(236,58,11,'2022-05-12 23:00:12.188584','2022-05-12 23:00:12.188584'),(237,59,22,'2022-05-12 23:00:12.193300','2022-05-12 23:00:12.193300'),(238,59,23,'2022-05-12 23:00:12.198629','2022-05-12 23:00:12.198629'),(239,59,5,'2022-05-12 23:00:12.203823','2022-05-12 23:00:12.203823'),(240,59,6,'2022-05-12 23:00:12.210641','2022-05-12 23:00:12.210641'),(241,60,21,'2022-05-12 23:00:12.216795','2022-05-12 23:00:12.216795'),(242,60,23,'2022-05-12 23:00:12.225594','2022-05-12 23:00:12.225594'),(243,60,7,'2022-05-12 23:00:12.232501','2022-05-12 23:00:12.232501'),(244,60,8,'2022-05-12 23:00:12.237956','2022-05-12 23:00:12.237956'),(245,61,27,'2022-05-12 23:00:12.243325','2022-05-12 23:00:12.243325'),(246,61,28,'2022-05-12 23:00:12.258575','2022-05-12 23:00:12.258575'),(247,61,1,'2022-05-12 23:00:12.265186','2022-05-12 23:00:12.265186'),(248,61,3,'2022-05-12 23:00:12.272769','2022-05-12 23:00:12.272769'),(249,62,25,'2022-05-12 23:00:12.280526','2022-05-12 23:00:12.280526'),(250,62,26,'2022-05-12 23:00:12.286005','2022-05-12 23:00:12.286005'),(251,62,12,'2022-05-12 23:00:12.293138','2022-05-12 23:00:12.293138'),(252,62,11,'2022-05-12 23:00:12.306576','2022-05-12 23:00:12.306576'),(253,63,26,'2022-05-12 23:00:12.315521','2022-05-12 23:00:12.315521'),(254,63,27,'2022-05-12 23:00:12.321625','2022-05-12 23:00:12.321625'),(255,63,20,'2022-05-12 23:00:12.336250','2022-05-12 23:00:12.336250'),(256,63,19,'2022-05-12 23:00:12.344797','2022-05-12 23:00:12.344797'),(257,64,27,'2022-05-12 23:00:12.356407','2022-05-12 23:00:12.356407'),(258,64,26,'2022-05-12 23:00:12.411482','2022-05-12 23:00:12.411482'),(259,64,13,'2022-05-12 23:00:12.429213','2022-05-12 23:00:12.429213'),(260,64,14,'2022-05-12 23:00:12.435592','2022-05-12 23:00:12.435592'),(261,65,25,'2022-05-12 23:00:12.439694','2022-05-12 23:00:12.439694'),(262,65,27,'2022-05-12 23:00:12.446835','2022-05-12 23:00:12.446835'),(263,65,41,'2022-05-12 23:00:12.454895','2022-05-12 23:00:12.454895'),(264,65,42,'2022-05-12 23:00:12.460549','2022-05-12 23:00:12.460549'),(265,66,25,'2022-05-12 23:00:12.467996','2022-05-12 23:00:12.467996'),(266,66,28,'2022-05-12 23:00:12.480079','2022-05-12 23:00:12.480079'),(267,66,45,'2022-05-12 23:00:12.487817','2022-05-12 23:00:12.487817'),(268,66,48,'2022-05-12 23:00:12.493052','2022-05-12 23:00:12.493052'),(269,67,26,'2022-05-12 23:00:12.499240','2022-05-12 23:00:12.499240'),(270,67,27,'2022-05-12 23:00:12.503711','2022-05-12 23:00:12.503711'),(271,67,37,'2022-05-12 23:00:12.507955','2022-05-12 23:00:12.507955'),(272,67,38,'2022-05-12 23:00:12.513211','2022-05-12 23:00:12.513211'),(273,68,26,'2022-05-12 23:00:12.520712','2022-05-12 23:00:12.520712'),(274,68,27,'2022-05-12 23:00:12.525569','2022-05-12 23:00:12.525569'),(275,68,33,'2022-05-12 23:00:12.530813','2022-05-12 23:00:12.530813'),(276,68,34,'2022-05-12 23:00:12.542155','2022-05-12 23:00:12.542155'),(277,69,25,'2022-05-12 23:00:12.556479','2022-05-12 23:00:12.556479'),(278,69,28,'2022-05-12 23:00:12.570202','2022-05-12 23:00:12.570202'),(279,69,36,'2022-05-12 23:00:12.579568','2022-05-12 23:00:12.579568'),(280,69,35,'2022-05-12 23:00:12.586645','2022-05-12 23:00:12.586645'),(281,70,26,'2022-05-12 23:00:12.592948','2022-05-12 23:00:12.592948'),(282,70,27,'2022-05-12 23:00:12.600128','2022-05-12 23:00:12.600128'),(283,70,32,'2022-05-12 23:00:12.604993','2022-05-12 23:00:12.604993'),(284,70,31,'2022-05-12 23:00:12.613793','2022-05-12 23:00:12.613793'),(285,71,29,'2022-05-12 23:00:12.621757','2022-05-12 23:00:12.621757'),(286,71,30,'2022-05-12 23:00:12.629744','2022-05-12 23:00:12.629744'),(287,71,33,'2022-05-12 23:00:12.635027','2022-05-12 23:00:12.635027'),(288,71,34,'2022-05-12 23:00:12.640835','2022-05-12 23:00:12.640835'),(289,72,29,'2022-05-12 23:00:12.645782','2022-05-12 23:00:12.645782'),(290,72,30,'2022-05-12 23:00:12.651066','2022-05-12 23:00:12.651066'),(291,72,35,'2022-05-12 23:00:12.655717','2022-05-12 23:00:12.655717'),(292,72,36,'2022-05-12 23:00:12.666634','2022-05-12 23:00:12.666634'),(293,73,29,'2022-05-12 23:00:12.674374','2022-05-12 23:00:12.674374'),(294,73,30,'2022-05-12 23:00:12.681122','2022-05-12 23:00:12.681122'),(295,73,34,'2022-05-12 23:00:12.688673','2022-05-12 23:00:12.688673'),(296,73,36,'2022-05-12 23:00:12.696065','2022-05-12 23:00:12.696065'),(297,74,29,'2022-05-12 23:00:12.703523','2022-05-12 23:00:12.703523'),(298,74,30,'2022-05-12 23:00:12.710484','2022-05-12 23:00:12.710484'),(299,74,19,'2022-05-12 23:00:12.716471','2022-05-12 23:00:12.716471'),(300,74,20,'2022-05-12 23:00:12.722982','2022-05-12 23:00:12.722982'),(301,75,29,'2022-05-12 23:00:12.728654','2022-05-12 23:00:12.728654'),(302,75,30,'2022-05-12 23:00:12.733232','2022-05-12 23:00:12.733232'),(303,75,17,'2022-05-12 23:00:12.737462','2022-05-12 23:00:12.737462'),(304,75,20,'2022-05-12 23:00:12.741958','2022-05-12 23:00:12.741958'),(305,76,30,'2022-05-12 23:00:12.746835','2022-05-12 23:00:12.746835'),(306,76,31,'2022-05-12 23:00:12.753943','2022-05-12 23:00:12.753943'),(307,76,17,'2022-05-12 23:00:12.761707','2022-05-12 23:00:12.761707'),(308,76,19,'2022-05-12 23:00:12.767410','2022-05-12 23:00:12.767410'),(309,77,30,'2022-05-12 23:00:12.771879','2022-05-12 23:00:12.771879'),(310,77,31,'2022-05-12 23:00:12.775822','2022-05-12 23:00:12.775822'),(311,77,11,'2022-05-12 23:00:12.779859','2022-05-12 23:00:12.779859'),(312,77,12,'2022-05-12 23:00:12.784938','2022-05-12 23:00:12.784938'),(313,78,31,'2022-05-12 23:00:12.791790','2022-05-12 23:00:12.791790'),(314,78,30,'2022-05-12 23:00:12.796592','2022-05-12 23:00:12.796592'),(315,78,9,'2022-05-12 23:00:12.803000','2022-05-12 23:00:12.803000'),(316,78,10,'2022-05-12 23:00:12.806661','2022-05-12 23:00:12.806661'),(317,79,31,'2022-05-12 23:00:12.811358','2022-05-12 23:00:12.811358'),(318,79,29,'2022-05-12 23:00:12.815937','2022-05-12 23:00:12.815937'),(319,79,25,'2022-05-12 23:00:12.820521','2022-05-12 23:00:12.820521'),(320,79,28,'2022-05-12 23:00:12.825691','2022-05-12 23:00:12.825691'),(321,80,29,'2022-05-12 23:00:12.832244','2022-05-12 23:00:12.832244'),(322,80,32,'2022-05-12 23:00:12.837899','2022-05-12 23:00:12.837899'),(323,80,27,'2022-05-12 23:00:12.843023','2022-05-12 23:00:12.843023'),(324,80,26,'2022-05-12 23:00:12.847477','2022-05-12 23:00:12.847477'),(325,81,33,'2022-05-12 23:00:12.852083','2022-05-12 23:00:12.852083'),(326,81,34,'2022-05-12 23:00:12.856713','2022-05-12 23:00:12.856713'),(327,81,37,'2022-05-12 23:00:12.862464','2022-05-12 23:00:12.862464'),(328,81,38,'2022-05-12 23:00:12.869508','2022-05-12 23:00:12.869508'),(329,82,35,'2022-05-12 23:00:12.875347','2022-05-12 23:00:12.875347'),(330,82,36,'2022-05-12 23:00:12.880287','2022-05-12 23:00:12.880287'),(331,82,39,'2022-05-12 23:00:12.885766','2022-05-12 23:00:12.885766'),(332,82,40,'2022-05-12 23:00:12.890525','2022-05-12 23:00:12.890525'),(333,83,33,'2022-05-12 23:00:12.896045','2022-05-12 23:00:12.896045'),(334,83,36,'2022-05-12 23:00:12.900033','2022-05-12 23:00:12.900033'),(335,83,43,'2022-05-12 23:00:12.904497','2022-05-12 23:00:12.904497'),(336,83,44,'2022-05-12 23:00:12.909374','2022-05-12 23:00:12.909374'),(337,84,33,'2022-05-12 23:00:12.915492','2022-05-12 23:00:12.915492'),(338,84,36,'2022-05-12 23:00:12.920402','2022-05-12 23:00:12.920402'),(339,84,41,'2022-05-12 23:00:12.925536','2022-05-12 23:00:12.925536'),(340,84,42,'2022-05-12 23:00:12.930125','2022-05-12 23:00:12.930125'),(341,85,33,'2022-05-12 23:00:12.934829','2022-05-12 23:00:12.934829'),(342,85,36,'2022-05-12 23:00:12.940454','2022-05-12 23:00:12.940454'),(343,85,47,'2022-05-12 23:00:12.945951','2022-05-12 23:00:12.945951'),(344,85,48,'2022-05-12 23:00:12.951240','2022-05-12 23:00:12.951240'),(345,86,33,'2022-05-12 23:00:12.959255','2022-05-12 23:00:12.959255'),(346,86,36,'2022-05-12 23:00:12.967788','2022-05-12 23:00:12.967788'),(347,86,45,'2022-05-12 23:00:12.974468','2022-05-12 23:00:12.974468'),(348,86,46,'2022-05-12 23:00:12.981828','2022-05-12 23:00:12.981828'),(349,87,34,'2022-05-12 23:00:12.993514','2022-05-12 23:00:12.993514'),(350,87,35,'2022-05-12 23:00:13.000640','2022-05-12 23:00:13.000640'),(351,87,45,'2022-05-12 23:00:13.009290','2022-05-12 23:00:13.009290'),(352,87,47,'2022-05-12 23:00:13.014697','2022-05-12 23:00:13.014697'),(353,88,34,'2022-05-12 23:00:13.019584','2022-05-12 23:00:13.019584'),(354,88,35,'2022-05-12 23:00:13.026143','2022-05-12 23:00:13.026143'),(355,88,45,'2022-05-12 23:00:13.034828','2022-05-12 23:00:13.034828'),(356,88,47,'2022-05-12 23:00:13.048252','2022-05-12 23:00:13.048252'),(357,89,33,'2022-05-12 23:00:13.055184','2022-05-12 23:00:13.055184'),(358,89,35,'2022-05-12 23:00:13.062523','2022-05-12 23:00:13.062523'),(359,89,13,'2022-05-12 23:00:13.067175','2022-05-12 23:00:13.067175'),(360,89,16,'2022-05-12 23:00:13.071753','2022-05-12 23:00:13.071753'),(361,90,33,'2022-05-12 23:00:13.075897','2022-05-12 23:00:13.075897'),(362,90,36,'2022-05-12 23:00:13.080512','2022-05-12 23:00:13.080512'),(363,90,13,'2022-05-12 23:00:13.084477','2022-05-12 23:00:13.084477'),(364,90,16,'2022-05-12 23:00:13.087779','2022-05-12 23:00:13.087779'),(365,91,37,'2022-05-12 23:00:13.091837','2022-05-12 23:00:13.091837'),(366,91,38,'2022-05-12 23:00:13.097452','2022-05-12 23:00:13.097452'),(367,91,33,'2022-05-12 23:00:13.101361','2022-05-12 23:00:13.101361'),(368,91,36,'2022-05-12 23:00:13.105514','2022-05-12 23:00:13.105514'),(369,92,37,'2022-05-12 23:00:13.109922','2022-05-12 23:00:13.109922'),(370,92,39,'2022-05-12 23:00:13.115994','2022-05-12 23:00:13.115994'),(371,92,34,'2022-05-12 23:00:13.124097','2022-05-12 23:00:13.124097'),(372,92,35,'2022-05-12 23:00:13.130735','2022-05-12 23:00:13.130735'),(373,93,38,'2022-05-12 23:00:13.137973','2022-05-12 23:00:13.137973'),(374,93,39,'2022-05-12 23:00:13.142256','2022-05-12 23:00:13.142256'),(375,93,33,'2022-05-12 23:00:13.146910','2022-05-12 23:00:13.146910'),(376,93,36,'2022-05-12 23:00:13.151404','2022-05-12 23:00:13.151404'),(377,94,39,'2022-05-12 23:00:13.155912','2022-05-12 23:00:13.155912'),(378,94,38,'2022-05-12 23:00:13.161614','2022-05-12 23:00:13.161614'),(379,94,47,'2022-05-12 23:00:13.166236','2022-05-12 23:00:13.166236'),(380,94,48,'2022-05-12 23:00:13.171691','2022-05-12 23:00:13.171691'),(381,95,37,'2022-05-12 23:00:13.176170','2022-05-12 23:00:13.176170'),(382,95,38,'2022-05-12 23:00:13.181121','2022-05-12 23:00:13.181121'),(383,95,45,'2022-05-12 23:00:13.194058','2022-05-12 23:00:13.194058'),(384,95,46,'2022-05-12 23:00:13.201052','2022-05-12 23:00:13.201052'),(385,96,37,'2022-05-12 23:00:13.206676','2022-05-12 23:00:13.206676'),(386,96,38,'2022-05-12 23:00:13.211229','2022-05-12 23:00:13.211229'),(387,96,45,'2022-05-12 23:00:13.221049','2022-05-12 23:00:13.221049'),(388,96,47,'2022-05-12 23:00:13.231217','2022-05-12 23:00:13.231217'),(389,97,37,'2022-05-12 23:00:13.236979','2022-05-12 23:00:13.236979'),(390,97,40,'2022-05-12 23:00:13.242272','2022-05-12 23:00:13.242272'),(391,97,47,'2022-05-12 23:00:13.253888','2022-05-12 23:00:13.253888'),(392,97,48,'2022-05-12 23:00:13.260832','2022-05-12 23:00:13.260832'),(393,98,37,'2022-05-12 23:00:13.266322','2022-05-12 23:00:13.266322'),(394,98,38,'2022-05-12 23:00:13.272097','2022-05-12 23:00:13.272097'),(395,98,12,'2022-05-12 23:00:13.281752','2022-05-12 23:00:13.281752'),(396,98,11,'2022-05-12 23:00:13.287100','2022-05-12 23:00:13.287100'),(397,99,40,'2022-05-12 23:00:13.292678','2022-05-12 23:00:13.292678'),(398,99,39,'2022-05-12 23:00:13.297096','2022-05-12 23:00:13.297096'),(399,99,45,'2022-05-12 23:00:13.301887','2022-05-12 23:00:13.301887'),(400,99,48,'2022-05-12 23:00:13.306627','2022-05-12 23:00:13.306627'),(401,100,37,'2022-05-12 23:00:13.311682','2022-05-12 23:00:13.311682'),(402,100,38,'2022-05-12 23:00:13.315767','2022-05-12 23:00:13.315767'),(403,100,45,'2022-05-12 23:00:13.320128','2022-05-12 23:00:13.320128'),(404,100,47,'2022-05-12 23:00:13.325315','2022-05-12 23:00:13.325315'),(405,101,41,'2022-05-12 23:00:13.334011','2022-05-12 23:00:13.334011'),(406,101,42,'2022-05-12 23:00:13.342082','2022-05-12 23:00:13.342082'),(407,101,16,'2022-05-12 23:00:13.348087','2022-05-12 23:00:13.348087'),(408,101,15,'2022-05-12 23:00:13.354274','2022-05-12 23:00:13.354274'),(409,102,43,'2022-05-12 23:00:13.358590','2022-05-12 23:00:13.358590'),(410,102,44,'2022-05-12 23:00:13.363429','2022-05-12 23:00:13.363429'),(411,102,14,'2022-05-12 23:00:13.368082','2022-05-12 23:00:13.368082'),(412,102,13,'2022-05-12 23:00:13.372296','2022-05-12 23:00:13.372296'),(413,103,42,'2022-05-12 23:00:13.450684','2022-05-12 23:00:13.450684'),(414,103,43,'2022-05-12 23:00:13.461725','2022-05-12 23:00:13.461725'),(415,103,16,'2022-05-12 23:00:13.466498','2022-05-12 23:00:13.466498'),(416,103,14,'2022-05-12 23:00:13.471313','2022-05-12 23:00:13.471313'),(417,104,42,'2022-05-12 23:00:13.475375','2022-05-12 23:00:13.475375'),(418,104,43,'2022-05-12 23:00:13.479549','2022-05-12 23:00:13.479549'),(419,104,13,'2022-05-12 23:00:13.483633','2022-05-12 23:00:13.483633'),(420,104,16,'2022-05-12 23:00:13.487530','2022-05-12 23:00:13.487530'),(421,105,41,'2022-05-12 23:00:13.491366','2022-05-12 23:00:13.491366'),(422,105,44,'2022-05-12 23:00:13.495086','2022-05-12 23:00:13.495086'),(423,105,5,'2022-05-12 23:00:13.499179','2022-05-12 23:00:13.499179'),(424,105,6,'2022-05-12 23:00:13.503972','2022-05-12 23:00:13.503972'),(425,106,44,'2022-05-12 23:00:13.510048','2022-05-12 23:00:13.510048'),(426,106,42,'2022-05-12 23:00:13.514437','2022-05-12 23:00:13.514437'),(427,106,5,'2022-05-12 23:00:13.521755','2022-05-12 23:00:13.521755'),(428,106,8,'2022-05-12 23:00:13.528746','2022-05-12 23:00:13.528746'),(429,107,42,'2022-05-12 23:00:13.534564','2022-05-12 23:00:13.534564'),(430,107,44,'2022-05-12 23:00:13.538616','2022-05-12 23:00:13.538616'),(431,107,7,'2022-05-12 23:00:13.542733','2022-05-12 23:00:13.542733'),(432,107,6,'2022-05-12 23:00:13.547137','2022-05-12 23:00:13.547137'),(433,108,44,'2022-05-12 23:00:13.553403','2022-05-12 23:00:13.553403'),(434,108,41,'2022-05-12 23:00:13.562855','2022-05-12 23:00:13.562855'),(435,108,5,'2022-05-12 23:00:13.566951','2022-05-12 23:00:13.566951'),(436,108,6,'2022-05-12 23:00:13.572582','2022-05-12 23:00:13.572582'),(437,109,42,'2022-05-12 23:00:13.576520','2022-05-12 23:00:13.576520'),(438,109,43,'2022-05-12 23:00:13.582661','2022-05-12 23:00:13.582661'),(439,109,33,'2022-05-12 23:00:13.587650','2022-05-12 23:00:13.587650'),(440,109,36,'2022-05-12 23:00:13.590794','2022-05-12 23:00:13.590794'),(441,110,42,'2022-05-12 23:00:13.594164','2022-05-12 23:00:13.594164'),(442,110,44,'2022-05-12 23:00:13.598009','2022-05-12 23:00:13.598009'),(443,110,33,'2022-05-12 23:00:13.603031','2022-05-12 23:00:13.603031'),(444,110,34,'2022-05-12 23:00:13.607314','2022-05-12 23:00:13.607314'),(445,111,45,'2022-05-12 23:00:13.611117','2022-05-12 23:00:13.611117'),(446,111,46,'2022-05-12 23:00:13.614474','2022-05-12 23:00:13.614474'),(447,111,36,'2022-05-12 23:00:13.618433','2022-05-12 23:00:13.618433'),(448,111,35,'2022-05-12 23:00:13.623024','2022-05-12 23:00:13.623024'),(449,112,47,'2022-05-12 23:00:13.628648','2022-05-12 23:00:13.628648'),(450,112,48,'2022-05-12 23:00:13.633314','2022-05-12 23:00:13.633314'),(451,112,33,'2022-05-12 23:00:13.637540','2022-05-12 23:00:13.637540'),(452,112,36,'2022-05-12 23:00:13.641843','2022-05-12 23:00:13.641843'),(453,113,45,'2022-05-12 23:00:13.646635','2022-05-12 23:00:13.646635'),(454,113,48,'2022-05-12 23:00:13.650758','2022-05-12 23:00:13.650758'),(455,113,34,'2022-05-12 23:00:13.655295','2022-05-12 23:00:13.655295'),(456,113,35,'2022-05-12 23:00:13.659756','2022-05-12 23:00:13.659756'),(457,114,46,'2022-05-12 23:00:13.664945','2022-05-12 23:00:13.664945'),(458,114,47,'2022-05-12 23:00:13.669840','2022-05-12 23:00:13.669840'),(459,114,33,'2022-05-12 23:00:13.673489','2022-05-12 23:00:13.673489'),(460,114,36,'2022-05-12 23:00:13.676607','2022-05-12 23:00:13.676607'),(461,115,48,'2022-05-12 23:00:13.680086','2022-05-12 23:00:13.680086'),(462,115,45,'2022-05-12 23:00:13.684199','2022-05-12 23:00:13.684199'),(463,115,27,'2022-05-12 23:00:13.688282','2022-05-12 23:00:13.688282'),(464,115,28,'2022-05-12 23:00:13.693952','2022-05-12 23:00:13.693952'),(465,116,45,'2022-05-12 23:00:13.697943','2022-05-12 23:00:13.697943'),(466,116,47,'2022-05-12 23:00:13.701949','2022-05-12 23:00:13.701949'),(467,116,32,'2022-05-12 23:00:13.708109','2022-05-12 23:00:13.708109'),(468,116,31,'2022-05-12 23:00:13.713200','2022-05-12 23:00:13.713200'),(469,117,47,'2022-05-12 23:00:13.720207','2022-05-12 23:00:13.720207'),(470,117,48,'2022-05-12 23:00:13.724395','2022-05-12 23:00:13.724395'),(471,117,29,'2022-05-12 23:00:13.728020','2022-05-12 23:00:13.728020'),(472,117,30,'2022-05-12 23:00:13.732034','2022-05-12 23:00:13.732034'),(473,118,45,'2022-05-12 23:00:13.737983','2022-05-12 23:00:13.737983'),(474,118,47,'2022-05-12 23:00:13.743484','2022-05-12 23:00:13.743484'),(475,118,37,'2022-05-12 23:00:13.749521','2022-05-12 23:00:13.749521'),(476,118,38,'2022-05-12 23:00:13.754046','2022-05-12 23:00:13.754046'),(477,119,48,'2022-05-12 23:00:13.758344','2022-05-12 23:00:13.758344'),(478,119,45,'2022-05-12 23:00:13.762580','2022-05-12 23:00:13.762580'),(479,119,37,'2022-05-12 23:00:13.766447','2022-05-12 23:00:13.766447'),(480,119,40,'2022-05-12 23:00:13.770031','2022-05-12 23:00:13.770031'),(481,120,45,'2022-05-12 23:00:13.773694','2022-05-12 23:00:13.773694'),(482,120,47,'2022-05-12 23:00:13.778269','2022-05-12 23:00:13.778269'),(483,120,41,'2022-05-12 23:00:13.782733','2022-05-12 23:00:13.782733'),(484,120,42,'2022-05-12 23:00:13.786410','2022-05-12 23:00:13.786410');
/*!40000 ALTER TABLE `influencer_hashtag` ENABLE KEYS */;
UNLOCK TABLES;

--
-- Table structure for table `message`
--

DROP TABLE IF EXISTS `message`;
/*!40101 SET @saved_cs_client     = @@character_set_client */;
/*!50503 SET character_set_client = utf8mb4 */;
CREATE TABLE `message` (
  `id` int NOT NULL AUTO_INCREMENT,
  `message_content` varchar(100) DEFAULT NULL,
  `influencerID` int NOT NULL,
  `campaignID` int NOT NULL,
  `statusID` int NOT NULL,
  `created_at` datetime(6) NOT NULL DEFAULT CURRENT_TIMESTAMP(6),
  `updated_at` datetime(6) NOT NULL DEFAULT CURRENT_TIMESTAMP(6) ON UPDATE CURRENT_TIMESTAMP(6),
  PRIMARY KEY (`id`),
  KEY `FK_d0581aaf440af1dcda1c9b6c48d` (`campaignID`),
  KEY `FK_f0e31a4d8a69e7fd914975b0fa5` (`statusID`),
  KEY `FK_89b2b2c9b15a1f14dfa698c4001` (`influencerID`),
  CONSTRAINT `FK_89b2b2c9b15a1f14dfa698c4001` FOREIGN KEY (`influencerID`) REFERENCES `influencer` (`id`),
  CONSTRAINT `FK_d0581aaf440af1dcda1c9b6c48d` FOREIGN KEY (`campaignID`) REFERENCES `campaign` (`id`),
  CONSTRAINT `FK_f0e31a4d8a69e7fd914975b0fa5` FOREIGN KEY (`statusID`) REFERENCES `status` (`id`)
) ENGINE=InnoDB AUTO_INCREMENT=105 DEFAULT CHARSET=utf8mb4 COLLATE=utf8mb4_0900_ai_ci;
/*!40101 SET character_set_client = @saved_cs_client */;

--
-- Dumping data for table `message`
--

LOCK TABLES `message` WRITE;
/*!40000 ALTER TABLE `message` DISABLE KEYS */;
INSERT INTO `message` VALUES (46,'안녕하세요. [object Promise]님 [object Promise]입니다.\n 제품 홍보차 연락 드렸습니다.',2,1,1,'2022-05-11 16:39:53.215914','2022-05-11 16:39:53.215914'),(47,'안녕하세요. [object Promise]님 [object Promise]입니다.\n 제품 홍보차 연락 드렸습니다.',2,1,1,'2022-05-11 16:39:53.216341','2022-05-11 16:39:53.216341'),(48,'안녕하세요. [object Promise]님 [object Promise]입니다.\n 제품 홍보차 연락 드렸습니다.',2,1,1,'2022-05-11 16:46:09.029709','2022-05-11 16:46:09.029709'),(49,'안녕하세요. [object Promise]님 [object Promise]입니다.\n 제품 홍보차 연락 드렸습니다.',2,1,1,'2022-05-11 16:46:09.030060','2022-05-11 16:46:09.030060'),(52,'안녕하세요. [object Promise]님 [object Promise]입니다.\n 제품 홍보차 연락 드렸습니다.',2,1,1,'2022-05-11 16:48:52.701223','2022-05-11 16:48:52.701223'),(53,'안녕하세요. [object Promise]님 [object Promise]입니다.\n 제품 홍보차 연락 드렸습니다.',2,1,1,'2022-05-11 16:48:52.701576','2022-05-11 16:48:52.701576'),(54,'안녕하세요. [object Promise]님 [object Promise]입니다.\n 제품 홍보차 연락 드렸습니다.',2,1,1,'2022-05-11 16:51:28.835654','2022-05-11 16:51:28.835654'),(55,'안녕하세요. [object Promise]님 [object Promise]입니다.\n 제품 홍보차 연락 드렸습니다.',2,1,1,'2022-05-11 16:51:28.835908','2022-05-11 16:51:28.835908'),(56,'안녕하세요. [object Promise]님 [object Promise]입니다.\n 제품 홍보차 연락 드렸습니다.',2,1,1,'2022-05-11 16:51:35.816252','2022-05-11 16:51:35.816252'),(57,'안녕하세요. [object Promise]님 [object Promise]입니다.\n 제품 홍보차 연락 드렸습니다.',2,1,1,'2022-05-11 16:51:35.816874','2022-05-11 16:51:35.816874'),(58,'안녕하세요. [object Promise]님 [object Promise]입니다.\n 제품 홍보차 연락 드렸습니다.',2,1,1,'2022-05-11 16:52:11.445791','2022-05-11 16:52:11.445791'),(59,'안녕하세요. [object Promise]님 [object Promise]입니다.\n 제품 홍보차 연락 드렸습니다.',2,1,1,'2022-05-11 16:52:11.446158','2022-05-11 16:52:11.446158'),(60,'안녕하세요. [object Promise]님 [object Promise]입니다.\n 제품 홍보차 연락 드렸습니다.',2,1,1,'2022-05-11 16:52:33.746099','2022-05-11 16:52:33.746099'),(61,'안녕하세요. [object Promise]님 [object Promise]입니다.\n 제품 홍보차 연락 드렸습니다.',2,1,1,'2022-05-11 16:52:33.746744','2022-05-11 16:52:33.746744'),(62,'안녕하세요. [object Promise]님 [object Promise]입니다.\n 제품 홍보차 연락 드렸습니다.',1,1,1,'2022-05-11 16:54:08.181539','2022-05-11 16:54:08.181539'),(63,'안녕하세요. [object Promise]님 [object Promise]입니다.\n 제품 홍보차 연락 드렸습니다.',1,1,1,'2022-05-11 16:54:09.304985','2022-05-11 16:54:09.304985'),(64,'안녕하세요. [object Promise]님 [object Promise]입니다.\n 제품 홍보차 연락 드렸습니다.',1,1,1,'2022-05-11 16:54:09.806002','2022-05-11 16:54:09.806002'),(65,'안녕하세요. [object Promise]님 [object Promise]입니다.\n 제품 홍보차 연락 드렸습니다.',1,1,1,'2022-05-11 16:54:33.842840','2022-05-11 16:54:33.842840'),(66,'안녕하세요. [object Promise]님 [object Object]입니다.\n 제품 홍보차 연락 드렸습니다. 확인용',2,1,1,'2022-05-11 17:01:54.189581','2022-05-11 17:01:54.189581'),(67,'안녕하세요. [object Promise]님 [object Object]입니다.\n 제품 홍보차 연락 드렸습니다. 확인용',2,1,1,'2022-05-11 17:01:54.191993','2022-05-11 17:01:54.191993'),(68,'안녕하세요. [object Object]님 [object Object]입니다.\n 제품 홍보차 연락 드렸습니다. 확인용',1,1,1,'2022-05-11 17:02:47.472581','2022-05-11 17:02:47.472581'),(69,'안녕하세요. [object Object]님 [object Object]입니다.\n 제품 홍보차 연락 드렸습니다. 확인용',2,1,1,'2022-05-11 17:02:47.472832','2022-05-11 17:02:47.472832'),(70,'안녕하세요. [object Object]님 [object Object]입니다.\n 제품 홍보차 연락 드렸습니다. 확인용',1,1,1,'2022-05-11 17:03:54.456793','2022-05-11 17:03:54.456793'),(71,'안녕하세요. [object Object]님 [object Object]입니다.\n 제품 홍보차 연락 드렸습니다. 확인용',3,1,1,'2022-05-11 17:03:54.467863','2022-05-11 17:03:54.467863'),(72,'안녕하세요. [object Object]님 [object Object]입니다.\n 제품 홍보차 연락 드렸습니다. 확인용',2,1,1,'2022-05-11 17:03:54.469722','2022-05-11 17:03:54.469722'),(73,'안녕하세요. [object Object]님 [object Object]입니다.\n 제품 홍보차 연락 드렸습니다.보세용',1,1,1,'2022-05-11 17:07:46.719014','2022-05-11 17:07:46.719014'),(74,'안녕하세요. [object Object]님 [object Object]입니다.\n 제품 홍보차 연락 드렸습니다.보세용',3,1,1,'2022-05-11 17:07:46.719735','2022-05-11 17:07:46.719735'),(75,'안녕하세요. [object Object]님 [object Object]입니다.\n 제품 홍보차 연락 드렸습니다.보세용',2,1,1,'2022-05-11 17:07:46.720361','2022-05-11 17:07:46.720361'),(76,'안녕하세요. [object Object]님 [object Object]입니다.\n 제품 홍보차 연락',1,1,1,'2022-05-11 17:11:16.139275','2022-05-11 17:11:16.139275'),(77,'안녕하세요. [object Object]님 [object Object]입니다.\n 제품 홍보차 연락',3,1,1,'2022-05-11 17:11:16.146720','2022-05-11 17:11:16.146720'),(78,'안녕하세요. [object Object]님 [object Object]입니다.\n 제품 홍보차 연락',2,1,1,'2022-05-11 17:11:16.147283','2022-05-11 17:11:16.147283'),(79,'안녕하세요. [object Object]님 [object Object]입니다.\n 제품 홍보차 연락',1,1,1,'2022-05-11 17:11:51.902320','2022-05-11 17:11:51.902320'),(80,'안녕하세요. [object Object]님 [object Object]입니다.\n 제품 홍보차 연락',3,1,1,'2022-05-11 17:11:51.903072','2022-05-11 17:11:51.903072'),(81,'안녕하세요. [object Object]님 [object Object]입니다.\n 제품 홍보차 연락',2,1,1,'2022-05-11 17:11:51.906843','2022-05-11 17:11:51.906843'),(82,'안녕하세요. [object Object]님 [object Object]입니다.\n 제품 홍보차 연락',1,1,1,'2022-05-11 17:13:35.152227','2022-05-11 17:13:35.152227'),(83,'안녕하세요. [object Object]님 [object Object]입니다.\n 제품 홍보차 연락',3,1,1,'2022-05-11 17:13:35.158081','2022-05-11 17:13:35.158081'),(84,'안녕하세요. [object Object]님 [object Object]입니다.\n 제품 홍보차 연락',2,1,1,'2022-05-11 17:13:35.158546','2022-05-11 17:13:35.158546'),(85,'안녕하세요. [object Object]님 [object Object]입니다.\n 제품 홍보차 연락',1,1,1,'2022-05-11 17:14:06.930357','2022-05-11 17:14:06.930357'),(86,'안녕하세요. [object Object]님 [object Object]입니다.\n 제품 홍보차 연락',2,1,1,'2022-05-11 17:14:06.930754','2022-05-11 17:14:06.930754'),(87,'안녕하세요. [object Object]님 [object Object]입니다.\n 제품 홍보차 연락',3,1,1,'2022-05-11 17:14:06.931327','2022-05-11 17:14:06.931327'),(88,'안녕하세요. sh_awtylol4님 축구사랑입니다.\n 제품 홍보차 연락',1,1,1,'2022-05-11 17:15:13.805172','2022-05-11 17:15:13.805172'),(89,'안녕하세요. zxczxc님 축구사랑입니다.\n 제품 홍보차 연락',3,1,1,'2022-05-11 17:15:13.812165','2022-05-11 17:15:13.812165'),(90,'안녕하세요. cxczczxc님 축구사랑입니다.\n 제품 홍보차 연락',2,1,1,'2022-05-11 17:15:13.812722','2022-05-11 17:15:13.812722'),(91,'안녕하세요. sh_awtylol4님 희동 PC입니다.\n 피시방 홍보차원에 연락 드렸습니다.',1,2,1,'2022-05-11 17:33:21.489512','2022-05-11 17:33:21.489512'),(92,'안녕하세요. cxczczxc님 희동 PC입니다.\n 피시방 홍보차원에 연락 드렸습니다.',2,2,1,'2022-05-11 17:33:21.496176','2022-05-11 17:33:21.496176'),(93,'안녕하세요. sh_awtylol4님 희동 PC입니다.\n 피시방 홍보차원에 연락 드렸습니다.',1,2,1,'2022-05-11 17:35:10.527738','2022-05-11 17:35:10.527738'),(94,'안녕하세요. zxczxc님 희동 PC입니다.\n 피시방 홍보차원에 연락 드렸습니다.',3,2,1,'2022-05-11 17:35:10.532474','2022-05-11 17:35:10.532474'),(95,'안녕하세요. cxczczxc님 희동 PC입니다.\n 피시방 홍보차원에 연락 드렸습니다.',2,2,1,'2022-05-11 17:35:10.534042','2022-05-11 17:35:10.534042'),(96,'안녕하세요. sh_awtylol4님 희동 PC입니다.\n 피시방 홍보차원에 연락 드렸습니다. 리뉴올 피씨를 지원해드립니다.',1,2,1,'2022-05-11 17:48:57.848060','2022-05-11 17:48:57.848060'),(97,'안녕하세요. zxczxc님 희동 PC입니다.\n 피시방 홍보차원에 연락 드렸습니다. 리뉴올 피씨를 지원해드립니다.',3,2,1,'2022-05-11 17:48:57.853898','2022-05-11 17:48:57.853898'),(98,'안녕하세요. cxczczxc님 희동 PC입니다.\n 피시방 홍보차원에 연락 드렸습니다. 리뉴올 피씨를 지원해드립니다.',2,2,1,'2022-05-11 17:48:57.854337','2022-05-11 17:48:57.854337'),(99,'안녕하세요. sh_awtylol4님 희동 PC입니다.\n 피시방 홍보차원에 연락 드렸습니다. 리뉴올 피씨를 지원해드립니다. 참가를 희망하시나요?',1,2,1,'2022-05-12 13:12:20.540337','2022-05-12 13:12:20.540337'),(100,'안녕하세요. zxczxc님 희동 PC입니다.\n 피시방 홍보차원에 연락 드렸습니다. 리뉴올 피씨를 지원해드립니다. 참가를 희망하시나요?',3,2,1,'2022-05-12 13:12:20.541721','2022-05-12 13:12:20.541721'),(101,'안녕하세요. cxczczxc님 희동 PC입니다.\n 피시방 홍보차원에 연락 드렸습니다. 리뉴올 피씨를 지원해드립니다. 참가를 희망하시나요?',2,2,1,'2022-05-12 13:12:20.542765','2022-05-12 13:12:20.542765'),(102,'안녕하세요. sh_awtylol4님 희동 PC입니다.\n 피시방 홍보차원에 연락 드렸습니다. 리뉴올 피씨를 지원해드립니다. 참가를 희망하시나요?',1,2,1,'2022-05-12 13:49:40.961057','2022-05-12 13:49:40.961057'),(103,'안녕하세요. zxczxc님 희동 PC입니다.\n 피시방 홍보차원에 연락 드렸습니다. 리뉴올 피씨를 지원해드립니다. 참가를 희망하시나요?',3,2,3,'2022-05-12 13:49:40.961732','2022-05-12 17:40:20.000000'),(104,'안녕하세요. cxczczxc님 희동 PC입니다.\n 피시방 홍보차원에 연락 드렸습니다. 리뉴올 피씨를 지원해드립니다. 참가를 희망하시나요?',2,2,2,'2022-05-12 13:49:40.963911','2022-05-12 16:31:08.000000');
/*!40000 ALTER TABLE `message` ENABLE KEYS */;
UNLOCK TABLES;

--
-- Table structure for table `migrations`
--

DROP TABLE IF EXISTS `migrations`;
/*!40101 SET @saved_cs_client     = @@character_set_client */;
/*!50503 SET character_set_client = utf8mb4 */;
CREATE TABLE `migrations` (
  `id` int NOT NULL AUTO_INCREMENT,
  `timestamp` bigint NOT NULL,
  `name` varchar(255) NOT NULL,
  PRIMARY KEY (`id`)
) ENGINE=InnoDB AUTO_INCREMENT=2 DEFAULT CHARSET=utf8mb4 COLLATE=utf8mb4_0900_ai_ci;
/*!40101 SET character_set_client = @saved_cs_client */;

--
-- Dumping data for table `migrations`
--

LOCK TABLES `migrations` WRITE;
/*!40000 ALTER TABLE `migrations` DISABLE KEYS */;
INSERT INTO `migrations` VALUES (1,1652088901623,'firstmodel1652088901623');
/*!40000 ALTER TABLE `migrations` ENABLE KEYS */;
UNLOCK TABLES;

--
-- Table structure for table `status`
--

DROP TABLE IF EXISTS `status`;
/*!40101 SET @saved_cs_client     = @@character_set_client */;
/*!50503 SET character_set_client = utf8mb4 */;
CREATE TABLE `status` (
  `id` int NOT NULL AUTO_INCREMENT,
  `status_name` varchar(255) NOT NULL,
  `created_at` datetime(6) NOT NULL DEFAULT CURRENT_TIMESTAMP(6),
  `updated_at` datetime(6) NOT NULL DEFAULT CURRENT_TIMESTAMP(6) ON UPDATE CURRENT_TIMESTAMP(6),
  PRIMARY KEY (`id`)
) ENGINE=InnoDB AUTO_INCREMENT=4 DEFAULT CHARSET=utf8mb4 COLLATE=utf8mb4_0900_ai_ci;
/*!40101 SET character_set_client = @saved_cs_client */;

--
-- Dumping data for table `status`
--

LOCK TABLES `status` WRITE;
/*!40000 ALTER TABLE `status` DISABLE KEYS */;
INSERT INTO `status` VALUES (1,'대기','2022-05-11 15:16:23.559839','2022-05-11 15:16:23.559839'),(2,'수락','2022-05-11 15:16:23.575890','2022-05-11 15:16:23.575890'),(3,'거절','2022-05-11 15:16:23.582293','2022-05-11 15:16:23.582293');
/*!40000 ALTER TABLE `status` ENABLE KEYS */;
UNLOCK TABLES;

--
-- Table structure for table `user`
--

DROP TABLE IF EXISTS `user`;
/*!40101 SET @saved_cs_client     = @@character_set_client */;
/*!50503 SET character_set_client = utf8mb4 */;
CREATE TABLE `user` (
  `id` int NOT NULL AUTO_INCREMENT,
  `user_email` varchar(50) NOT NULL,
  `user_password` varchar(200) NOT NULL,
  `user_brandname` varchar(50) NOT NULL,
  `created_at` datetime(6) NOT NULL DEFAULT CURRENT_TIMESTAMP(6),
  `updated_at` datetime(6) NOT NULL DEFAULT CURRENT_TIMESTAMP(6) ON UPDATE CURRENT_TIMESTAMP(6),
  PRIMARY KEY (`id`)
) ENGINE=InnoDB AUTO_INCREMENT=4 DEFAULT CHARSET=utf8mb4 COLLATE=utf8mb4_0900_ai_ci;
/*!40101 SET character_set_client = @saved_cs_client */;

--
-- Dumping data for table `user`
--

LOCK TABLES `user` WRITE;
/*!40000 ALTER TABLE `user` DISABLE KEYS */;
INSERT INTO `user` VALUES (1,'soohun9909@gmail.com','9292455z','축구사랑','2022-05-11 15:16:55.490011','2022-05-11 15:16:55.490011'),(2,'dongdong112@gmail.com','1123123','희동 PC','2022-05-11 17:32:32.590908','2022-05-11 17:32:32.590908'),(3,'soohun1234@gmail.com','$2b$10$4MKNSqquCQNTmNMhfgLqNuJyq2cUQdEoAvnJl4g974DRS.Uw0ahCm','코리안 좀비','2022-05-12 17:36:29.237889','2022-05-12 17:36:29.237889');
/*!40000 ALTER TABLE `user` ENABLE KEYS */;
UNLOCK TABLES;
/*!40103 SET TIME_ZONE=@OLD_TIME_ZONE */;

/*!40101 SET SQL_MODE=@OLD_SQL_MODE */;
/*!40014 SET FOREIGN_KEY_CHECKS=@OLD_FOREIGN_KEY_CHECKS */;
/*!40014 SET UNIQUE_CHECKS=@OLD_UNIQUE_CHECKS */;
/*!40101 SET CHARACTER_SET_CLIENT=@OLD_CHARACTER_SET_CLIENT */;
/*!40101 SET CHARACTER_SET_RESULTS=@OLD_CHARACTER_SET_RESULTS */;
/*!40101 SET COLLATION_CONNECTION=@OLD_COLLATION_CONNECTION */;
/*!40111 SET SQL_NOTES=@OLD_SQL_NOTES */;

-- Dump completed on 2022-05-12 23:03:16
