-- MySQL dump 10.13  Distrib 8.0.28, for macos12.2 (arm64)
--
-- Host: localhost    Database: dump
-- ------------------------------------------------------
-- Server version	8.0.28

/*!40101 SET @OLD_CHARACTER_SET_CLIENT=@@CHARACTER_SET_CLIENT */;
/*!40101 SET @OLD_CHARACTER_SET_RESULTS=@@CHARACTER_SET_RESULTS */;
/*!40101 SET @OLD_COLLATION_CONNECTION=@@COLLATION_CONNECTION */;
/*!50503 SET NAMES utf8mb4 */;
/*!40103 SET @OLD_TIME_ZONE=@@TIME_ZONE */;
/*!40103 SET TIME_ZONE='+00:00' */;
/*!40014 SET @OLD_UNIQUE_CHECKS=@@UNIQUE_CHECKS, UNIQUE_CHECKS=0 */;
/*!40014 SET @OLD_FOREIGN_KEY_CHECKS=@@FOREIGN_KEY_CHECKS, FOREIGN_KEY_CHECKS=0 */;
/*!40101 SET @OLD_SQL_MODE=@@SQL_MODE, SQL_MODE='NO_AUTO_VALUE_ON_ZERO' */;
/*!40111 SET @OLD_SQL_NOTES=@@SQL_NOTES, SQL_NOTES=0 */;

--
-- Table structure for table `campaign`
--

DROP TABLE IF EXISTS `campaign`;
/*!40101 SET @saved_cs_client     = @@character_set_client */;
/*!50503 SET character_set_client = utf8mb4 */;
CREATE TABLE `campaign` (
  `id` int NOT NULL AUTO_INCREMENT,
  `campaign_name` varchar(100) NOT NULL,
  `userID` int NOT NULL,
  `created_at` datetime(6) NOT NULL DEFAULT CURRENT_TIMESTAMP(6),
  `updated_at` datetime(6) NOT NULL DEFAULT CURRENT_TIMESTAMP(6) ON UPDATE CURRENT_TIMESTAMP(6),
  PRIMARY KEY (`id`),
  KEY `FK_108edd8fb3b30a2616222683088` (`userID`),
  CONSTRAINT `FK_108edd8fb3b30a2616222683088` FOREIGN KEY (`userID`) REFERENCES `user` (`id`)
) ENGINE=InnoDB DEFAULT CHARSET=utf8mb4 COLLATE=utf8mb4_0900_ai_ci;
/*!40101 SET character_set_client = @saved_cs_client */;

--
-- Dumping data for table `campaign`
--

LOCK TABLES `campaign` WRITE;
/*!40000 ALTER TABLE `campaign` DISABLE KEYS */;
/*!40000 ALTER TABLE `campaign` ENABLE KEYS */;
UNLOCK TABLES;

--
-- Table structure for table `category`
--

DROP TABLE IF EXISTS `category`;
/*!40101 SET @saved_cs_client     = @@character_set_client */;
/*!50503 SET character_set_client = utf8mb4 */;
CREATE TABLE `category` (
  `id` int NOT NULL AUTO_INCREMENT,
  `category_name` varchar(100) NOT NULL,
  `created_at` datetime(6) NOT NULL DEFAULT CURRENT_TIMESTAMP(6),
  `updated_at` datetime(6) NOT NULL DEFAULT CURRENT_TIMESTAMP(6) ON UPDATE CURRENT_TIMESTAMP(6),
  PRIMARY KEY (`id`)
) ENGINE=InnoDB AUTO_INCREMENT=13 DEFAULT CHARSET=utf8mb4 COLLATE=utf8mb4_0900_ai_ci;
/*!40101 SET character_set_client = @saved_cs_client */;

--
-- Dumping data for table `category`
--

LOCK TABLES `category` WRITE;
/*!40000 ALTER TABLE `category` DISABLE KEYS */;
INSERT INTO `category` VALUES (1,'스포츠','2022-05-16 16:15:20.100532','2022-05-16 16:15:20.100532'),(2,'음식','2022-05-16 16:15:20.113931','2022-05-16 16:15:20.113931'),(3,'뷰티','2022-05-16 16:15:20.123957','2022-05-16 16:15:20.123957'),(4,'여행','2022-05-16 16:15:20.131599','2022-05-16 16:15:20.131599'),(5,'패션','2022-05-16 16:15:20.138587','2022-05-16 16:15:20.138587'),(6,'반려동물','2022-05-16 16:15:20.147524','2022-05-16 16:15:20.147524'),(7,'교육','2022-05-16 16:15:20.155530','2022-05-16 16:15:20.155530'),(8,'음악','2022-05-16 16:15:20.165435','2022-05-16 16:15:20.165435'),(9,'전자기기','2022-05-16 16:15:20.171493','2022-05-16 16:15:20.171493'),(10,'영화','2022-05-16 16:15:20.177729','2022-05-16 16:15:20.177729'),(11,'자동차','2022-05-16 16:15:20.225336','2022-05-16 16:15:20.225336'),(12,'게임','2022-05-16 16:15:20.246922','2022-05-16 16:15:20.246922');
/*!40000 ALTER TABLE `category` ENABLE KEYS */;
UNLOCK TABLES;

--
-- Table structure for table `hashtag`
--

DROP TABLE IF EXISTS `hashtag`;
/*!40101 SET @saved_cs_client     = @@character_set_client */;
/*!50503 SET character_set_client = utf8mb4 */;
CREATE TABLE `hashtag` (
  `id` int NOT NULL AUTO_INCREMENT,
  `hashtag_name` varchar(100) NOT NULL,
  `created_at` datetime(6) NOT NULL DEFAULT CURRENT_TIMESTAMP(6),
  `updated_at` datetime(6) NOT NULL DEFAULT CURRENT_TIMESTAMP(6) ON UPDATE CURRENT_TIMESTAMP(6),
  PRIMARY KEY (`id`)
) ENGINE=InnoDB AUTO_INCREMENT=49 DEFAULT CHARSET=utf8mb4 COLLATE=utf8mb4_0900_ai_ci;
/*!40101 SET character_set_client = @saved_cs_client */;

--
-- Dumping data for table `hashtag`
--

LOCK TABLES `hashtag` WRITE;
/*!40000 ALTER TABLE `hashtag` DISABLE KEYS */;
INSERT INTO `hashtag` VALUES (1,'축구','2022-05-16 16:14:46.494106','2022-05-16 16:14:46.494106'),(2,'배드민턴','2022-05-16 16:14:46.522728','2022-05-16 16:14:46.522728'),(3,'크로스핏','2022-05-16 16:14:46.536715','2022-05-16 16:14:46.536715'),(4,'헬스','2022-05-16 16:14:46.558367','2022-05-16 16:14:46.558367'),(5,'맛집','2022-05-16 16:14:46.571181','2022-05-16 16:14:46.571181'),(6,'홈베이킹','2022-05-16 16:14:46.583536','2022-05-16 16:14:46.583536'),(7,'레시피','2022-05-16 16:14:46.589709','2022-05-16 16:14:46.589709'),(8,'안주','2022-05-16 16:14:46.595865','2022-05-16 16:14:46.595865'),(9,'화장품','2022-05-16 16:14:46.604122','2022-05-16 16:14:46.604122'),(10,'림밥','2022-05-16 16:14:46.611856','2022-05-16 16:14:46.611856'),(11,'세정제','2022-05-16 16:14:46.622884','2022-05-16 16:14:46.622884'),(12,'립스틱','2022-05-16 16:14:46.629045','2022-05-16 16:14:46.629045'),(13,'제주도','2022-05-16 16:14:46.635244','2022-05-16 16:14:46.635244'),(14,'부산','2022-05-16 16:14:46.640233','2022-05-16 16:14:46.640233'),(15,'여수','2022-05-16 16:14:46.646265','2022-05-16 16:14:46.646265'),(16,'강릉','2022-05-16 16:14:46.653213','2022-05-16 16:14:46.653213'),(17,'MLB','2022-05-16 16:14:46.659584','2022-05-16 16:14:46.659584'),(18,'가을아우터','2022-05-16 16:14:46.665691','2022-05-16 16:14:46.665691'),(19,'운동화추천','2022-05-16 16:14:46.671261','2022-05-16 16:14:46.671261'),(20,'키작녀','2022-05-16 16:14:46.689181','2022-05-16 16:14:46.689181'),(21,'멍멍이간식','2022-05-16 16:14:46.696876','2022-05-16 16:14:46.696876'),(22,'야옹이간식','2022-05-16 16:14:46.705382','2022-05-16 16:14:46.705382'),(23,'강아지장난감','2022-05-16 16:14:46.717355','2022-05-16 16:14:46.717355'),(24,'고양이장난감','2022-05-16 16:14:46.729014','2022-05-16 16:14:46.729014'),(25,'수능특강','2022-05-16 16:14:46.737531','2022-05-16 16:14:46.737531'),(26,'3월모평','2022-05-16 16:14:46.746223','2022-05-16 16:14:46.746223'),(27,'6월모평','2022-05-16 16:14:46.751708','2022-05-16 16:14:46.751708'),(28,'수능','2022-05-16 16:14:46.757141','2022-05-16 16:14:46.757141'),(29,'힙합','2022-05-16 16:14:46.762483','2022-05-16 16:14:46.762483'),(30,'발라드','2022-05-16 16:14:46.778993','2022-05-16 16:14:46.778993'),(31,'재즈','2022-05-16 16:14:46.789136','2022-05-16 16:14:46.789136'),(32,'트로트','2022-05-16 16:14:46.796807','2022-05-16 16:14:46.796807'),(33,'아이패드','2022-05-16 16:14:46.828513','2022-05-16 16:14:46.828513'),(34,'갤럭시탭','2022-05-16 16:14:46.840693','2022-05-16 16:14:46.840693'),(35,'갤럭시노트','2022-05-16 16:14:46.846240','2022-05-16 16:14:46.846240'),(36,'아이폰12','2022-05-16 16:14:46.851086','2022-05-16 16:14:46.851086'),(37,'극장개봉','2022-05-16 16:14:46.856362','2022-05-16 16:14:46.856362'),(38,'최신개봉','2022-05-16 16:14:46.862489','2022-05-16 16:14:46.862489'),(39,'마블','2022-05-16 16:14:46.867304','2022-05-16 16:14:46.867304'),(40,'호러','2022-05-16 16:14:46.873054','2022-05-16 16:14:46.873054'),(41,'현대','2022-05-16 16:14:46.879542','2022-05-16 16:14:46.879542'),(42,'BMW','2022-05-16 16:14:46.884732','2022-05-16 16:14:46.884732'),(43,'아우디','2022-05-16 16:14:46.890417','2022-05-16 16:14:46.890417'),(44,'벤츠','2022-05-16 16:14:46.895683','2022-05-16 16:14:46.895683'),(45,'메이플스토리','2022-05-16 16:14:46.903424','2022-05-16 16:14:46.903424'),(46,'리그오브레전드','2022-05-16 16:14:46.908417','2022-05-16 16:14:46.908417'),(47,'피파','2022-05-16 16:14:46.919491','2022-05-16 16:14:46.919491'),(48,'오버워치','2022-05-16 16:14:46.925659','2022-05-16 16:14:46.925659');
/*!40000 ALTER TABLE `hashtag` ENABLE KEYS */;
UNLOCK TABLES;

--
-- Table structure for table `image`
--

DROP TABLE IF EXISTS `image`;
/*!40101 SET @saved_cs_client     = @@character_set_client */;
/*!50503 SET character_set_client = utf8mb4 */;
CREATE TABLE `image` (
  `id` int NOT NULL AUTO_INCREMENT,
  `image_url` varchar(255) NOT NULL,
  `created_at` datetime(6) NOT NULL DEFAULT CURRENT_TIMESTAMP(6),
  `updated_at` datetime(6) NOT NULL DEFAULT CURRENT_TIMESTAMP(6) ON UPDATE CURRENT_TIMESTAMP(6),
  PRIMARY KEY (`id`)
) ENGINE=InnoDB AUTO_INCREMENT=49 DEFAULT CHARSET=utf8mb4 COLLATE=utf8mb4_0900_ai_ci;
/*!40101 SET character_set_client = @saved_cs_client */;

--
-- Dumping data for table `image`
--

LOCK TABLES `image` WRITE;
/*!40000 ALTER TABLE `image` DISABLE KEYS */;
INSERT INTO `image` VALUES (1,'https://user-images.githubusercontent.com/97911154/168552721-fcc317e5-5fbc-4306-a7f1-92d3aef77598.png','2022-05-16 16:45:51.065894','2022-05-16 17:43:03.970351'),(2,'https://user-images.githubusercontent.com/97911154/168552732-09a6b088-1621-4d96-9a7c-e3f2e2b80837.png','2022-05-16 16:45:51.086325','2022-05-16 17:43:03.967049'),(3,'https://user-images.githubusercontent.com/97911154/168552739-629ad624-18b2-4e11-b459-e96107a86b8c.png','2022-05-16 16:45:51.097564','2022-05-16 17:43:03.911874'),(4,'https://user-images.githubusercontent.com/97911154/168552744-9c567880-6c04-4c81-afbf-cd02e43914fe.png','2022-05-16 16:45:51.109543','2022-05-16 17:43:03.948635'),(5,'https://user-images.githubusercontent.com/97911154/168552750-c51344f9-a132-4df8-9861-08a761672a39.png','2022-05-16 16:45:51.113661','2022-05-16 17:43:03.964495'),(6,'https://user-images.githubusercontent.com/97911154/168552753-3517a7e2-df1c-45a5-8cf9-5317a1847ddd.png','2022-05-16 16:45:51.116985','2022-05-16 17:43:03.935822'),(7,'https://user-images.githubusercontent.com/97911154/168552755-b1b92bd3-712c-4b7c-af43-58b4881e72c7.png','2022-05-16 16:45:51.119424','2022-05-16 17:43:03.957640'),(8,'https://user-images.githubusercontent.com/97911154/168552756-33619bb3-a4d1-4a63-88ef-c9acb0d541d1.png','2022-05-16 16:45:51.121860','2022-05-16 17:43:03.952600'),(9,'https://user-images.githubusercontent.com/97911154/168552759-b56f3eb1-1dbc-4535-b488-3085cda825d0.png','2022-05-16 16:45:51.125032','2022-05-16 17:43:03.944241'),(10,'https://user-images.githubusercontent.com/97911154/168552762-8e556bb2-767c-4646-80f2-3fee94790d69.png','2022-05-16 16:45:51.128396','2022-05-16 17:43:03.930164'),(11,'https://user-images.githubusercontent.com/97911154/168552769-a7f8e547-8743-4416-8a35-4ed0f3935f6d.png','2022-05-16 16:45:51.131779','2022-05-16 17:43:03.961445'),(12,'https://user-images.githubusercontent.com/97911154/168552775-c9e8bfbb-a8f7-4fd7-b35c-d82d58a38fbe.png','2022-05-16 16:45:51.134573','2022-05-16 17:43:03.940325'),(13,'https://user-images.githubusercontent.com/97911154/168552778-c0dc2360-d83f-47ec-9a40-0c10310438f5.png','2022-05-16 17:43:03.974320','2022-05-16 17:43:03.974320'),(14,'https://user-images.githubusercontent.com/97911154/168552781-e23467f1-23c2-42c8-b916-3d095347bb83.png','2022-05-16 17:43:03.976917','2022-05-16 17:43:03.976917'),(15,'https://user-images.githubusercontent.com/97911154/168552787-b9623eed-9ad3-403c-b523-bcdbcb3ae158.png','2022-05-16 17:43:03.979366','2022-05-16 17:43:03.979366'),(16,'https://user-images.githubusercontent.com/97911154/168552794-a5ccef45-1e56-4abf-9981-8336a2400251.png','2022-05-16 17:43:03.983080','2022-05-16 17:43:03.983080'),(17,'https://user-images.githubusercontent.com/97911154/168552802-967633cf-bb8c-4c89-8b99-7314718e0e9f.png','2022-05-16 17:43:03.986100','2022-05-16 17:43:03.986100'),(18,'https://user-images.githubusercontent.com/97911154/168552806-a10cb692-3453-40de-8cbd-88ecab920bb8.png','2022-05-16 17:43:03.989675','2022-05-16 17:43:03.989675'),(19,'https://user-images.githubusercontent.com/97911154/168552812-1c630474-be90-43cf-a8c8-a90ce9c7db92.png','2022-05-16 17:43:03.993200','2022-05-16 17:43:03.993200'),(20,'https://user-images.githubusercontent.com/97911154/168552815-457ecb47-5df2-451b-8762-6f16b053cdb3.png','2022-05-16 17:43:03.996745','2022-05-16 17:43:03.996745'),(21,'https://user-images.githubusercontent.com/97911154/168552823-e62f6c58-f368-491e-9002-a3b5ee413c25.png','2022-05-16 17:43:03.999992','2022-05-16 17:43:03.999992'),(22,'https://user-images.githubusercontent.com/97911154/168552825-22355714-9857-4c09-969d-1715fcde7239.png','2022-05-16 17:43:04.003192','2022-05-16 17:43:04.003192'),(23,'https://user-images.githubusercontent.com/97911154/168552830-4a2367c9-2b2c-4c68-a1c7-05dc59179afb.png','2022-05-16 17:43:04.006391','2022-05-16 17:43:04.006391'),(24,'https://user-images.githubusercontent.com/97911154/168552841-286d408f-9ac0-49bb-a1b3-c3581f9947f3.png','2022-05-16 17:43:04.009577','2022-05-16 17:43:04.009577'),(25,'https://user-images.githubusercontent.com/97911154/168552846-2a514f2d-8a4a-4b9a-996f-bc28c3960043.png','2022-05-16 17:43:04.013684','2022-05-16 17:43:04.013684'),(26,'https://user-images.githubusercontent.com/97911154/168552851-e7c6e9ad-b223-4115-8d28-d66340fb189f.png','2022-05-16 17:43:04.018332','2022-05-16 17:43:04.018332'),(27,'https://user-images.githubusercontent.com/97911154/168552854-9780415d-aa38-4325-8da2-ecfb20624cf8.png','2022-05-16 17:43:04.021771','2022-05-16 17:43:04.021771'),(28,'https://user-images.githubusercontent.com/97911154/168552858-d8e2c295-4f2a-42bb-bb42-a83b965ddf6f.png','2022-05-16 17:43:04.025208','2022-05-16 17:43:04.025208'),(29,'https://user-images.githubusercontent.com/97911154/168552865-ab2ccfec-3bd7-4617-8ec6-3afaa8298341.png','2022-05-16 17:43:04.028814','2022-05-16 17:43:04.028814'),(30,'https://user-images.githubusercontent.com/97911154/168552870-31809711-246f-45c1-84d3-02b49fb1dfe9.png','2022-05-16 17:43:04.032234','2022-05-16 17:43:04.032234'),(31,'https://user-images.githubusercontent.com/97911154/168552874-458ec2c2-92be-4477-9456-01a3e89eed72.png','2022-05-16 17:43:04.036063','2022-05-16 17:43:04.036063'),(32,'https://user-images.githubusercontent.com/97911154/168552885-b2abd809-99cf-4cdf-aeac-37a8e1e263b2.png','2022-05-16 17:43:04.040194','2022-05-16 17:43:04.040194'),(33,'https://user-images.githubusercontent.com/97911154/168552890-a3897c4a-6633-4207-aec5-a2de10b82b8d.png','2022-05-16 17:43:04.043965','2022-05-16 17:43:04.043965'),(34,'https://user-images.githubusercontent.com/97911154/168552896-d735f125-a5ee-4be0-a54c-0154c76140eb.png','2022-05-16 17:43:04.047240','2022-05-16 17:43:04.047240'),(35,'https://user-images.githubusercontent.com/97911154/168552899-093496f1-a066-44fd-9969-bc43afdfbfba.png','2022-05-16 17:43:04.050928','2022-05-16 17:43:04.050928'),(36,'https://user-images.githubusercontent.com/97911154/168552904-c41d8a2a-b81b-406a-b436-b76a8d7a5f84.png','2022-05-16 17:43:04.054064','2022-05-16 17:43:04.054064'),(37,'https://user-images.githubusercontent.com/97911154/168552906-5a45877b-fb8c-4790-a8f2-979049ef22a6.png','2022-05-16 17:43:04.057348','2022-05-16 17:43:04.057348'),(38,'https://user-images.githubusercontent.com/97911154/168552920-242dc5d1-36e9-42b1-9300-c421255ff6af.png','2022-05-16 17:43:04.060784','2022-05-16 17:43:04.060784'),(39,'https://user-images.githubusercontent.com/97911154/168552930-69b44f18-11ad-4cbd-b535-41066cda5046.png','2022-05-16 17:43:04.063832','2022-05-16 17:43:04.063832'),(40,'https://user-images.githubusercontent.com/97911154/168552935-abe410cd-dfc0-4424-af43-cb55bfbc843f.png','2022-05-16 17:43:04.083574','2022-05-16 17:43:04.083574'),(41,'https://user-images.githubusercontent.com/97911154/168552937-496f7623-e5cc-4526-b18e-e6ee738b0516.png','2022-05-16 17:43:04.095049','2022-05-16 17:43:04.095049'),(42,'https://user-images.githubusercontent.com/97911154/168552945-6d201593-5f25-4e7c-82a6-a7eb5b16fa3c.png','2022-05-16 17:43:04.099741','2022-05-16 17:43:04.099741'),(43,'https://user-images.githubusercontent.com/97911154/168552953-75962d46-831e-48ee-bb3f-34a4d859ac2a.png','2022-05-16 17:43:04.103115','2022-05-16 17:43:04.103115'),(44,'https://user-images.githubusercontent.com/97911154/168552958-846ff3c1-ea3d-4b86-8955-30b4253e2ecd.png','2022-05-16 17:43:04.107302','2022-05-16 17:43:04.107302'),(45,'https://user-images.githubusercontent.com/97911154/168552965-eea315b9-64af-4c61-9a27-a7b887cc5930.png','2022-05-16 17:43:04.112243','2022-05-16 17:43:04.112243'),(46,'https://user-images.githubusercontent.com/97911154/168552968-daa324d0-04ea-409a-8af0-1167c7f50851.png','2022-05-16 17:43:04.116455','2022-05-16 17:43:04.116455'),(47,'https://user-images.githubusercontent.com/97911154/168552974-e8509256-ae11-4cf7-b1ff-d6b5c5ddcd65.png','2022-05-16 17:43:04.121192','2022-05-16 17:43:04.121192'),(48,'https://user-images.githubusercontent.com/97911154/168552982-a785d454-1a4a-41b3-b9d1-abb949e93e0e.png','2022-05-16 17:43:04.127067','2022-05-16 17:43:04.127067');
/*!40000 ALTER TABLE `image` ENABLE KEYS */;
UNLOCK TABLES;

--
-- Table structure for table `influencer`
--

DROP TABLE IF EXISTS `influencer`;
/*!40101 SET @saved_cs_client     = @@character_set_client */;
/*!50503 SET character_set_client = utf8mb4 */;
CREATE TABLE `influencer` (
  `id` int NOT NULL AUTO_INCREMENT,
  `influencer_instagram_id` varchar(50) NOT NULL,
  `influencer_img` varchar(255) NOT NULL,
  `influencer_gender` varchar(20) NOT NULL,
  `influencer_follower` int NOT NULL,
  `influencer_posting` int NOT NULL,
  `influencer_average_like` int NOT NULL,
  `influencer_average_comment` int NOT NULL,
  `created_at` datetime(6) NOT NULL DEFAULT CURRENT_TIMESTAMP(6),
  `updated_at` datetime(6) NOT NULL DEFAULT CURRENT_TIMESTAMP(6) ON UPDATE CURRENT_TIMESTAMP(6),
  PRIMARY KEY (`id`)
) ENGINE=InnoDB AUTO_INCREMENT=121 DEFAULT CHARSET=utf8mb4 COLLATE=utf8mb4_0900_ai_ci;
/*!40101 SET character_set_client = @saved_cs_client */;

--
-- Dumping data for table `influencer`
--

LOCK TABLES `influencer` WRITE;
/*!40000 ALTER TABLE `influencer` DISABLE KEYS */;
INSERT INTO `influencer` VALUES (1,'sh_awtylol4','https://user-images.githubusercontent.com/97911154/168037803-1ed65b73-3a89-40fa-a3c3-3bb16680fc87.png','man',18683,222,58,22,'1970-01-01 00:00:32.961000','1970-01-01 00:00:00.069000'),(2,'hubiezizzo','https://user-images.githubusercontent.com/97911154/168037803-1ed65b73-3a89-40fa-a3c3-3bb16680fc87.png','man',3040,21,135,2,'1970-01-01 00:00:28.147000','1970-01-01 00:00:00.104000'),(3,'zxczxc','https://user-images.githubusercontent.com/97911154/168037810-86e67102-e0f2-48a1-8557-599e80a3062e.png','zxc',222,11,111,27,'1970-01-01 00:01:14.955000','1970-01-01 00:00:00.132000'),(4,'Ybalikath','https://user-images.githubusercontent.com/97911154/168037798-d543fa99-45dd-4293-b0ce-e551db427729.png','man',33971,111,83,2,'1970-01-01 00:00:37.694000','1970-01-01 00:00:00.111000'),(5,'Jerilarwen','https://user-images.githubusercontent.com/97911154/168037753-abb55ed8-6066-41cc-8762-0bdbb5ff3104.png','man',29676,129,145,23,'1970-01-01 00:01:08.973000','1970-01-01 00:00:00.057000'),(6,'Thauf','https://user-images.githubusercontent.com/97911154/168037810-86e67102-e0f2-48a1-8557-599e80a3062e.png','women',25026,65,138,47,'1970-01-01 00:01:04.949000','1970-01-01 00:00:00.023000'),(7,'Aboniel','https://user-images.githubusercontent.com/97911154/168037770-4c00c0d5-3243-49c4-8e19-552d55491386.png','women',10497,177,127,11,'1970-01-01 00:00:13.711000','1970-01-01 00:00:00.139000'),(8,'Acedriloth','https://user-images.githubusercontent.com/97911154/168037791-39bc6efc-8b29-4711-a537-ee1afb9d5340.png','women',63812,112,99,50,'1970-01-01 00:00:40.804000','1970-01-01 00:00:00.074000'),(9,'Lide','https://user-images.githubusercontent.com/97911154/168037778-3a99a2b1-63b6-4f93-aaa6-84d4a4ac27d3.png','man',13931,135,84,48,'1970-01-01 00:00:44.933000','1970-01-01 00:00:00.145000'),(10,'Rheidon','https://user-images.githubusercontent.com/97911154/168037810-86e67102-e0f2-48a1-8557-599e80a3062e.png','man',74403,143,122,15,'1970-01-01 00:01:12.284000','1970-01-01 00:00:00.194000'),(11,'Sevigodien','https://user-images.githubusercontent.com/97911154/168037791-39bc6efc-8b29-4711-a537-ee1afb9d5340.png','women',55954,44,84,34,'1970-01-01 00:01:14.810000','1970-01-01 00:00:00.175000'),(12,'Cauw','https://user-images.githubusercontent.com/97911154/168037808-154e7315-641b-4e37-aa66-a4d8fc475c02.png','man',60218,199,65,6,'1970-01-01 00:01:07.593000','1970-01-01 00:00:00.054000'),(13,'Adraellan','https://user-images.githubusercontent.com/97911154/168037810-86e67102-e0f2-48a1-8557-599e80a3062e.png','man',32961,69,121,24,'1970-01-01 00:00:53.594000','1970-01-01 00:00:00.083000'),(14,'Kaeidon','https://user-images.githubusercontent.com/97911154/168037777-fba1ef62-95c3-4b68-86eb-ae12641a506a.png','man',28147,104,137,49,'1970-01-01 00:00:16.872000','1970-01-01 00:00:00.199000'),(15,'Yaniel','https://user-images.githubusercontent.com/97911154/168037784-7a2e5af9-64d2-43f2-92ef-277272d949cc.png','women',74955,132,66,28,'1970-01-01 00:01:13.875000','1970-01-01 00:00:00.009000'),(16,'Ociliand','https://user-images.githubusercontent.com/97911154/168037808-154e7315-641b-4e37-aa66-a4d8fc475c02.png','man',37694,111,135,44,'1970-01-01 00:00:16.737000','1970-01-01 00:00:00.068000'),(17,'Astaemwen','https://user-images.githubusercontent.com/97911154/168037770-4c00c0d5-3243-49c4-8e19-552d55491386.png','man',68973,57,84,48,'1970-01-01 00:01:12.222000','1970-01-01 00:00:00.070000'),(18,'Dwiadan','https://user-images.githubusercontent.com/97911154/168037791-39bc6efc-8b29-4711-a537-ee1afb9d5340.png','women',64949,23,95,5,'1970-01-01 00:00:05.015000','1970-01-01 00:00:00.002000'),(19,'Wendandra','https://user-images.githubusercontent.com/97911154/168037753-abb55ed8-6066-41cc-8762-0bdbb5ff3104.png','women',13711,139,66,44,'1970-01-01 00:00:39.612000','1970-01-01 00:00:00.039000'),(20,'Cietlan','https://user-images.githubusercontent.com/97911154/168037770-4c00c0d5-3243-49c4-8e19-552d55491386.png','women',40804,74,104,5,'1970-01-01 00:00:47.106000','1970-01-01 00:00:00.009000'),(21,'Laroissa','https://user-images.githubusercontent.com/97911154/168037753-abb55ed8-6066-41cc-8762-0bdbb5ff3104.png','man',44933,145,123,22,'1970-01-01 00:00:21.721000','1970-01-01 00:00:00.071000'),(22,'Adrigord','https://user-images.githubusercontent.com/97911154/168037753-abb55ed8-6066-41cc-8762-0bdbb5ff3104.png','man',72284,194,54,30,'1970-01-01 00:00:52.730000','1970-01-01 00:00:00.039000'),(23,'Iballe','https://user-images.githubusercontent.com/97911154/168037808-154e7315-641b-4e37-aa66-a4d8fc475c02.png','women',74810,175,86,38,'1970-01-01 00:00:02.677000','1970-01-01 00:00:00.054000'),(24,'Onigolith','https://user-images.githubusercontent.com/97911154/168037770-4c00c0d5-3243-49c4-8e19-552d55491386.png','man',67593,54,89,12,'1970-01-01 00:00:15.072000','1970-01-01 00:00:00.068000'),(25,'Alaullan','https://user-images.githubusercontent.com/97911154/168037803-1ed65b73-3a89-40fa-a3c3-3bb16680fc87.png','women',53594,83,86,37,'1970-01-01 00:00:19.159000','1970-01-01 00:00:00.031000'),(26,'Zoatha','https://user-images.githubusercontent.com/97911154/168037808-154e7315-641b-4e37-aa66-a4d8fc475c02.png','women',16872,199,131,40,'1970-01-01 00:01:02.527000','1970-01-01 00:00:00.047000'),(27,'Cadyn','https://user-images.githubusercontent.com/97911154/168037803-1ed65b73-3a89-40fa-a3c3-3bb16680fc87.png','women',73875,9,58,20,'1970-01-01 00:00:27.961000','1970-01-01 00:00:00.047000'),(28,'Asteinydd','https://user-images.githubusercontent.com/97911154/168037777-fba1ef62-95c3-4b68-86eb-ae12641a506a.png','women',16737,68,104,36,'1970-01-01 00:00:14.763000','1970-01-01 00:00:00.048000'),(29,'Qilatrem','https://user-images.githubusercontent.com/97911154/168037808-154e7315-641b-4e37-aa66-a4d8fc475c02.png','women',72222,70,78,42,'1970-01-01 00:01:14.662000','1970-01-01 00:00:00.075000'),(30,'Haelaswen','https://user-images.githubusercontent.com/97911154/168037784-7a2e5af9-64d2-43f2-92ef-277272d949cc.png','women',5015,2,101,39,'1970-01-01 00:00:30.681000','1970-01-01 00:00:00.075000'),(31,'Lothaonnon','https://user-images.githubusercontent.com/97911154/168037791-39bc6efc-8b29-4711-a537-ee1afb9d5340.png','man',39612,39,97,21,'1970-01-01 00:01:17.582000','1970-01-01 00:00:00.067000'),(32,'Woessi','https://user-images.githubusercontent.com/97911154/168037778-3a99a2b1-63b6-4f93-aaa6-84d4a4ac27d3.png','women',47106,9,54,3,'1970-01-01 00:00:11.750000','1970-01-01 00:00:00.023000'),(33,'Prareg','https://user-images.githubusercontent.com/97911154/168037778-3a99a2b1-63b6-4f93-aaa6-84d4a4ac27d3.png','man',21721,71,115,45,'1970-01-01 00:00:57.937000','1970-01-01 00:00:00.007000'),(34,'Trirerith','https://user-images.githubusercontent.com/97911154/168037770-4c00c0d5-3243-49c4-8e19-552d55491386.png','man',52730,39,118,35,'1970-01-01 00:00:57.668000','1970-01-01 00:00:00.047000'),(35,'Edoith','https://user-images.githubusercontent.com/97911154/168037803-1ed65b73-3a89-40fa-a3c3-3bb16680fc87.png','man',2677,54,66,20,'1970-01-01 00:01:01.617000','1970-01-01 00:00:00.087000'),(36,'Qaydith','https://user-images.githubusercontent.com/97911154/168037803-1ed65b73-3a89-40fa-a3c3-3bb16680fc87.png','women',15072,68,101,40,'1970-01-01 00:00:56.524000','1970-01-01 00:00:00.030000'),(37,'Kymos','https://user-images.githubusercontent.com/97911154/168037798-d543fa99-45dd-4293-b0ce-e551db427729.png','man',19159,31,73,37,'1970-01-01 00:00:12.445000','1970-01-01 00:00:00.058000'),(38,'Ybiama','https://user-images.githubusercontent.com/97911154/168037803-1ed65b73-3a89-40fa-a3c3-3bb16680fc87.png','man',62527,47,137,18,'1970-01-01 00:00:51.824000','1970-01-01 00:00:00.079000'),(39,'Erirash','https://user-images.githubusercontent.com/97911154/168037770-4c00c0d5-3243-49c4-8e19-552d55491386.png','women',27961,47,52,47,'1970-01-01 00:00:09.548000','1970-01-01 00:00:00.022000'),(40,'Lianiel','https://user-images.githubusercontent.com/97911154/168037777-fba1ef62-95c3-4b68-86eb-ae12641a506a.png','women',14763,48,79,8,'1970-01-01 00:00:36.191000','1970-01-01 00:00:00.068000'),(41,'Agroic','https://user-images.githubusercontent.com/97911154/168037791-39bc6efc-8b29-4711-a537-ee1afb9d5340.png','women',74662,75,57,4,'1970-01-01 00:00:04.728000','1970-01-01 00:00:00.078000'),(42,'Olerwen','https://user-images.githubusercontent.com/97911154/168037810-86e67102-e0f2-48a1-8557-599e80a3062e.png','man',30681,75,69,11,'1970-01-01 00:01:16.324000','1970-01-01 00:00:00.057000'),(43,'Severired','https://user-images.githubusercontent.com/97911154/168037778-3a99a2b1-63b6-4f93-aaa6-84d4a4ac27d3.png','man',77582,67,149,28,'1970-01-01 00:00:03.300000','1970-01-01 00:00:00.100000'),(44,'Lorewia','https://user-images.githubusercontent.com/97911154/168037784-7a2e5af9-64d2-43f2-92ef-277272d949cc.png','women',11750,23,141,12,'1970-01-01 00:00:33.894000','1970-01-01 00:00:00.054000'),(45,'Afaetrem','https://user-images.githubusercontent.com/97911154/168037778-3a99a2b1-63b6-4f93-aaa6-84d4a4ac27d3.png','man',57937,7,110,27,'1970-01-01 00:01:00.437000','1970-01-01 00:00:00.060000'),(46,'Ariladda','https://user-images.githubusercontent.com/97911154/168037753-abb55ed8-6066-41cc-8762-0bdbb5ff3104.png','women',57668,47,127,48,'1970-01-01 00:01:18.580000','1970-01-01 00:00:00.069000'),(47,'Legoregan','https://user-images.githubusercontent.com/97911154/168037770-4c00c0d5-3243-49c4-8e19-552d55491386.png','women',61617,87,101,8,'1970-01-01 00:00:27.904000','1970-01-01 00:00:00.048000'),(48,'Fywiel','https://user-images.githubusercontent.com/97911154/168037784-7a2e5af9-64d2-43f2-92ef-277272d949cc.png','women',56524,30,74,21,'1970-01-01 00:01:02.131000','1970-01-01 00:00:00.040000'),(49,'Cadiak','https://user-images.githubusercontent.com/97911154/168037798-d543fa99-45dd-4293-b0ce-e551db427729.png','women',12445,58,79,31,'1970-01-01 00:00:50.026000','1970-01-01 00:00:00.087000'),(50,'Laroewen','https://user-images.githubusercontent.com/97911154/168037810-86e67102-e0f2-48a1-8557-599e80a3062e.png','women',51824,79,122,16,'1970-01-01 00:01:18.897000','1970-01-01 00:00:00.076000'),(51,'Celikin','https://user-images.githubusercontent.com/97911154/168037810-86e67102-e0f2-48a1-8557-599e80a3062e.png','women',9548,22,126,30,'1970-01-01 00:01:14.819000','1970-01-01 00:00:00.059000'),(52,'Dralenwan','https://user-images.githubusercontent.com/97911154/168037784-7a2e5af9-64d2-43f2-92ef-277272d949cc.png','women',36191,68,144,42,'1970-01-01 00:01:13.847000','1970-01-01 00:00:00.068000'),(53,'Haaewen','https://user-images.githubusercontent.com/97911154/168037778-3a99a2b1-63b6-4f93-aaa6-84d4a4ac27d3.png','women',4728,78,75,26,'1970-01-01 00:00:24.323000','1970-01-01 00:00:00.091000'),(54,'Adaetram','https://user-images.githubusercontent.com/97911154/168037798-d543fa99-45dd-4293-b0ce-e551db427729.png','women',76324,57,81,17,'1970-01-01 00:00:04.437000','1970-01-01 00:00:00.096000'),(55,'Adalendra','https://user-images.githubusercontent.com/97911154/168037803-1ed65b73-3a89-40fa-a3c3-3bb16680fc87.png','women',3300,100,105,42,'1970-01-01 00:00:17.770000','1970-01-01 00:00:00.064000'),(56,'Adwob','https://user-images.githubusercontent.com/97911154/168037777-fba1ef62-95c3-4b68-86eb-ae12641a506a.png','man',33894,54,57,8,'1970-01-01 00:00:28.142000','1970-01-01 00:00:00.089000'),(57,'Troisa','https://user-images.githubusercontent.com/97911154/168037777-fba1ef62-95c3-4b68-86eb-ae12641a506a.png','women',60437,60,118,28,'1970-01-01 00:00:14.150000','1970-01-01 00:00:00.094000'),(58,'Ges','https://user-images.githubusercontent.com/97911154/168037803-1ed65b73-3a89-40fa-a3c3-3bb16680fc87.png','man',78580,69,98,39,'1970-01-01 00:00:11.317000','1970-01-01 00:00:00.087000'),(59,'Pirethiel','https://user-images.githubusercontent.com/97911154/168037777-fba1ef62-95c3-4b68-86eb-ae12641a506a.png','man',27904,48,119,31,'1970-01-01 00:00:22.416000','1970-01-01 00:00:00.071000'),(60,'Belaseth','https://user-images.githubusercontent.com/97911154/168037778-3a99a2b1-63b6-4f93-aaa6-84d4a4ac27d3.png','man',62131,40,123,23,'1970-01-01 00:00:17.683000','1970-01-01 00:00:00.044000'),(61,'Koang','https://user-images.githubusercontent.com/97911154/168037791-39bc6efc-8b29-4711-a537-ee1afb9d5340.png','women',50026,87,65,10,'1970-01-01 00:00:03.848000','1970-01-01 00:00:00.064000'),(62,'Acear','https://user-images.githubusercontent.com/97911154/168037784-7a2e5af9-64d2-43f2-92ef-277272d949cc.png','man',78897,76,72,6,'1970-01-01 00:00:08.233000','1970-01-01 00:00:00.076000'),(63,'Cienna','https://user-images.githubusercontent.com/97911154/168037753-abb55ed8-6066-41cc-8762-0bdbb5ff3104.png','man',74819,59,83,27,'1970-01-01 00:00:11.573000','1970-01-01 00:00:00.094000'),(64,'Geimond','https://user-images.githubusercontent.com/97911154/168037798-d543fa99-45dd-4293-b0ce-e551db427729.png','women',73847,68,50,17,'1970-01-01 00:00:16.782000','1970-01-01 00:00:00.008000'),(65,'Kaigowia','https://user-images.githubusercontent.com/97911154/168037778-3a99a2b1-63b6-4f93-aaa6-84d4a4ac27d3.png','women',24323,91,104,12,'1970-01-01 00:00:21.547000','1970-01-01 00:00:00.082000'),(66,'Unendaand','https://user-images.githubusercontent.com/97911154/168037784-7a2e5af9-64d2-43f2-92ef-277272d949cc.png','women',4437,96,86,41,'1970-01-01 00:00:15.350000','1970-01-01 00:00:00.057000'),(67,'Gwardoni','https://user-images.githubusercontent.com/97911154/168037777-fba1ef62-95c3-4b68-86eb-ae12641a506a.png','man',17770,64,93,45,'1970-01-01 00:00:02.920000','1970-01-01 00:00:00.052000'),(68,'Gilinwan','https://user-images.githubusercontent.com/97911154/168037808-154e7315-641b-4e37-aa66-a4d8fc475c02.png','women',28142,89,103,50,'1970-01-01 00:00:22.386000','1970-01-01 00:00:00.065000'),(69,'Ethiredia','https://user-images.githubusercontent.com/97911154/168037777-fba1ef62-95c3-4b68-86eb-ae12641a506a.png','man',14150,94,70,37,'1970-01-01 00:00:17.729000','1970-01-01 00:00:00.039000'),(70,'Arelakon','https://user-images.githubusercontent.com/97911154/168037810-86e67102-e0f2-48a1-8557-599e80a3062e.png','man',11317,87,141,50,'1970-01-01 00:00:02.015000','1970-01-01 00:00:00.015000'),(71,'Gresa','https://user-images.githubusercontent.com/97911154/168037770-4c00c0d5-3243-49c4-8e19-552d55491386.png','man',22416,71,91,8,'1970-01-01 00:00:26.353000','1970-01-01 00:00:00.006000'),(72,'Vaenyth','https://user-images.githubusercontent.com/97911154/168037803-1ed65b73-3a89-40fa-a3c3-3bb16680fc87.png','women',17683,44,72,2,'1970-01-01 00:00:24.335000','1970-01-01 00:00:00.090000'),(73,'Saven','https://user-images.githubusercontent.com/97911154/168037770-4c00c0d5-3243-49c4-8e19-552d55491386.png','man',3848,64,121,39,'1970-01-01 00:00:03.134000','1970-01-01 00:00:00.080000'),(74,'Graodon','https://user-images.githubusercontent.com/97911154/168037753-abb55ed8-6066-41cc-8762-0bdbb5ff3104.png','man',8233,76,139,47,'1970-01-01 00:00:03.205000','1970-01-01 00:00:00.081000'),(75,'Vaynia','https://user-images.githubusercontent.com/97911154/168037808-154e7315-641b-4e37-aa66-a4d8fc475c02.png','women',11573,94,66,24,'1970-01-01 00:00:27.276000','1970-01-01 00:00:00.085000'),(76,'Acaetrem','https://user-images.githubusercontent.com/97911154/168037777-fba1ef62-95c3-4b68-86eb-ae12641a506a.png','women',16782,8,103,31,'1970-01-01 00:00:23.955000','1970-01-01 00:00:00.018000'),(77,'Seviellan','https://user-images.githubusercontent.com/97911154/168037784-7a2e5af9-64d2-43f2-92ef-277272d949cc.png','women',21547,82,133,48,'1970-01-01 00:00:14.772000','1970-01-01 00:00:00.070000'),(78,'Trinyth','https://user-images.githubusercontent.com/97911154/168037753-abb55ed8-6066-41cc-8762-0bdbb5ff3104.png','man',15350,57,92,50,'1970-01-01 00:00:23.220000','1970-01-01 00:00:00.056000'),(79,'Larardorith','https://user-images.githubusercontent.com/97911154/168037803-1ed65b73-3a89-40fa-a3c3-3bb16680fc87.png','man',2920,52,139,27,'1970-01-01 00:00:19.430000','1970-01-01 00:00:00.094000'),(80,'Rhohanwan','https://user-images.githubusercontent.com/97911154/168037753-abb55ed8-6066-41cc-8762-0bdbb5ff3104.png','man',22386,65,78,38,'1970-01-01 00:00:25.762000','1970-01-01 00:00:00.086000'),(81,'Oloania','https://user-images.githubusercontent.com/97911154/168037753-abb55ed8-6066-41cc-8762-0bdbb5ff3104.png','man',17729,39,62,34,'1970-01-01 00:00:13.676000','1970-01-01 00:00:00.079000'),(82,'Tryg','https://user-images.githubusercontent.com/97911154/168037778-3a99a2b1-63b6-4f93-aaa6-84d4a4ac27d3.png','man',2015,15,122,49,'1970-01-01 00:00:09.433000','1970-01-01 00:00:00.090000'),(83,'Eowoima','https://user-images.githubusercontent.com/97911154/168037753-abb55ed8-6066-41cc-8762-0bdbb5ff3104.png','man',26353,6,59,25,'1970-01-01 00:00:14.141000','1970-01-01 00:00:00.020000'),(84,'Elaolith','https://user-images.githubusercontent.com/97911154/168037808-154e7315-641b-4e37-aa66-a4d8fc475c02.png','man',24335,90,141,18,'1970-01-01 00:00:04.425000','1970-01-01 00:00:00.095000'),(85,'Garevia','https://user-images.githubusercontent.com/97911154/168037791-39bc6efc-8b29-4711-a537-ee1afb9d5340.png','man',3134,80,123,33,'1970-01-01 00:00:26.585000','1970-01-01 00:00:00.030000'),(86,'Acayrin','https://user-images.githubusercontent.com/97911154/168037778-3a99a2b1-63b6-4f93-aaa6-84d4a4ac27d3.png','man',3205,81,80,13,'1970-01-01 00:00:18.609000','1970-01-01 00:00:00.018000'),(87,'Adelawen','https://user-images.githubusercontent.com/97911154/168037808-154e7315-641b-4e37-aa66-a4d8fc475c02.png','man',27276,85,56,16,'1970-01-01 00:00:23.921000','1970-01-01 00:00:00.025000'),(88,'Firamas','https://user-images.githubusercontent.com/97911154/168037778-3a99a2b1-63b6-4f93-aaa6-84d4a4ac27d3.png','man',23955,18,129,23,'1970-01-01 00:00:21.096000','1970-01-01 00:00:00.074000'),(89,'Araorien','https://user-images.githubusercontent.com/97911154/168037808-154e7315-641b-4e37-aa66-a4d8fc475c02.png','man',14772,70,138,22,'1970-01-01 00:00:09.693000','1970-01-01 00:00:00.063000'),(90,'Agromamas','https://user-images.githubusercontent.com/97911154/168037798-d543fa99-45dd-4293-b0ce-e551db427729.png','women',23220,56,143,7,'1970-01-01 00:00:06.234000','1970-01-01 00:00:00.011000'),(91,'Braresa','https://user-images.githubusercontent.com/97911154/168037784-7a2e5af9-64d2-43f2-92ef-277272d949cc.png','man',19430,94,120,44,'1970-01-01 00:00:25.602000','1970-01-01 00:00:00.040000'),(92,'Edoakith','https://user-images.githubusercontent.com/97911154/168037798-d543fa99-45dd-4293-b0ce-e551db427729.png','man',25762,86,93,10,'1970-01-01 00:00:18.473000','1970-01-01 00:00:00.037000'),(93,'Glilidith','https://user-images.githubusercontent.com/97911154/168037810-86e67102-e0f2-48a1-8557-599e80a3062e.png','women',13676,79,60,3,'1970-01-01 00:00:17.611000','1970-01-01 00:00:00.074000'),(94,'Jeriramond','https://user-images.githubusercontent.com/97911154/168037770-4c00c0d5-3243-49c4-8e19-552d55491386.png','women',9433,90,123,49,'1970-01-01 00:00:04.842000','1970-01-01 00:00:00.054000'),(95,'Unewen','https://user-images.githubusercontent.com/97911154/168037791-39bc6efc-8b29-4711-a537-ee1afb9d5340.png','women',14141,20,85,41,'1970-01-01 00:00:16.630000','1970-01-01 00:00:00.090000'),(96,'Agraehar','https://user-images.githubusercontent.com/97911154/168037784-7a2e5af9-64d2-43f2-92ef-277272d949cc.png','man',4425,95,95,5,'1970-01-01 00:00:09.719000','1970-01-01 00:00:00.071000'),(97,'Ocerari','https://user-images.githubusercontent.com/97911154/168037803-1ed65b73-3a89-40fa-a3c3-3bb16680fc87.png','man',26585,30,118,29,'1970-01-01 00:00:04.079000','1970-01-01 00:00:00.039000'),(98,'Sevigotrem','https://user-images.githubusercontent.com/97911154/168037798-d543fa99-45dd-4293-b0ce-e551db427729.png','man',18609,18,53,19,'1970-01-01 00:00:27.314000','1970-01-01 00:00:00.094000'),(99,'Eowevia','https://user-images.githubusercontent.com/97911154/168037810-86e67102-e0f2-48a1-8557-599e80a3062e.png','man',23921,25,118,16,'1970-01-01 00:00:28.242000','1970-01-01 00:00:00.084000'),(100,'Prendacan','https://user-images.githubusercontent.com/97911154/168037791-39bc6efc-8b29-4711-a537-ee1afb9d5340.png','man',21096,74,68,21,'1970-01-01 00:00:17.125000','1970-01-01 00:00:00.016000'),(101,'Wayldan','https://user-images.githubusercontent.com/97911154/168037810-86e67102-e0f2-48a1-8557-599e80a3062e.png','man',9693,63,87,29,'1970-01-01 00:00:21.504000','1970-01-01 00:00:00.095000'),(102,'Kedamma','https://user-images.githubusercontent.com/97911154/168037784-7a2e5af9-64d2-43f2-92ef-277272d949cc.png','man',6234,11,104,8,'1970-01-01 00:00:24.832000','1970-01-01 00:00:00.080000'),(103,'Larilic','https://user-images.githubusercontent.com/97911154/168037808-154e7315-641b-4e37-aa66-a4d8fc475c02.png','women',25602,40,145,11,'1970-01-01 00:00:07.251000','1970-01-01 00:00:00.041000'),(104,'Coesa','https://user-images.githubusercontent.com/97911154/168037777-fba1ef62-95c3-4b68-86eb-ae12641a506a.png','women',18473,37,114,12,'1970-01-01 00:00:28.506000','1970-01-01 00:00:00.008000'),(105,'Hirevudd','https://user-images.githubusercontent.com/97911154/168037791-39bc6efc-8b29-4711-a537-ee1afb9d5340.png','man',17611,74,106,28,'1970-01-01 00:00:13.456000','1970-01-01 00:00:00.055000'),(106,'Wicigolla','https://user-images.githubusercontent.com/97911154/168037777-fba1ef62-95c3-4b68-86eb-ae12641a506a.png','man',4842,54,125,10,'1970-01-01 00:00:28.238000','1970-01-01 00:00:00.063000'),(107,'Ybakor','https://user-images.githubusercontent.com/97911154/168037791-39bc6efc-8b29-4711-a537-ee1afb9d5340.png','man',16630,90,57,38,'1970-01-01 00:00:04.580000','1970-01-01 00:00:00.020000'),(108,'Unoeri','https://user-images.githubusercontent.com/97911154/168037798-d543fa99-45dd-4293-b0ce-e551db427729.png','man',9719,71,62,17,'1970-01-01 00:00:20.000000','1970-01-01 00:00:00.024000'),(109,'Cadaujar','https://user-images.githubusercontent.com/97911154/168037791-39bc6efc-8b29-4711-a537-ee1afb9d5340.png','man',4079,39,101,30,'2022-05-16 16:20:15.848858','2022-05-16 16:20:15.848858'),(110,'Praremma','https://user-images.githubusercontent.com/97911154/168037784-7a2e5af9-64d2-43f2-92ef-277272d949cc.png','women',27314,94,69,26,'2022-05-16 16:20:15.855223','2022-05-16 16:20:15.855223'),(111,'Jann','https://user-images.githubusercontent.com/97911154/168037810-86e67102-e0f2-48a1-8557-599e80a3062e.png','women',28242,84,112,7,'2022-05-16 16:20:15.860517','2022-05-16 16:20:15.860517'),(112,'Sevaleng','https://user-images.githubusercontent.com/97911154/168037777-fba1ef62-95c3-4b68-86eb-ae12641a506a.png','man',17125,16,63,30,'2022-05-16 16:20:15.865348','2022-05-16 16:20:15.865348'),(113,'Derat','https://user-images.githubusercontent.com/97911154/168037778-3a99a2b1-63b6-4f93-aaa6-84d4a4ac27d3.png','man',21504,95,85,17,'2022-05-16 16:20:15.870190','2022-05-16 16:20:15.870190'),(114,'Nyderraniel','https://user-images.githubusercontent.com/97911154/168037798-d543fa99-45dd-4293-b0ce-e551db427729.png','man',24832,80,100,23,'2022-05-16 16:20:15.875357','2022-05-16 16:20:15.875357'),(115,'Prerrakath','https://user-images.githubusercontent.com/97911154/168037798-d543fa99-45dd-4293-b0ce-e551db427729.png','man',7251,41,100,8,'2022-05-16 16:20:15.880825','2022-05-16 16:20:15.880825'),(116,'Werari','https://user-images.githubusercontent.com/97911154/168037770-4c00c0d5-3243-49c4-8e19-552d55491386.png','man',28506,8,99,42,'2022-05-16 16:20:15.885790','2022-05-16 16:20:15.885790'),(117,'Adwerahar','https://user-images.githubusercontent.com/97911154/168037770-4c00c0d5-3243-49c4-8e19-552d55491386.png','women',13456,55,67,6,'2022-05-16 16:20:15.890921','2022-05-16 16:20:15.890921'),(118,'Thaerwen','https://user-images.githubusercontent.com/97911154/168037808-154e7315-641b-4e37-aa66-a4d8fc475c02.png','women',28238,63,96,3,'2022-05-16 16:20:15.895824','2022-05-16 16:20:15.895824'),(119,'Hohaldan','https://user-images.githubusercontent.com/97911154/168037798-d543fa99-45dd-4293-b0ce-e551db427729.png','women',4580,20,69,37,'2022-05-16 16:20:15.901838','2022-05-16 16:20:15.901838'),(120,'aaaasqwas000','https://user-images.githubusercontent.com/97911154/168037753-abb55ed8-6066-41cc-8762-0bdbb5ff3104.png','man',20000,24,73,44,'2022-05-16 16:20:15.910017','2022-05-16 16:20:15.910017');
/*!40000 ALTER TABLE `influencer` ENABLE KEYS */;
UNLOCK TABLES;

--
-- Table structure for table `influencer_category`
--

DROP TABLE IF EXISTS `influencer_category`;
/*!40101 SET @saved_cs_client     = @@character_set_client */;
/*!50503 SET character_set_client = utf8mb4 */;
CREATE TABLE `influencer_category` (
  `id` int NOT NULL AUTO_INCREMENT,
  `influencerID` int NOT NULL,
  `categoryID` int NOT NULL,
  `created_at` datetime(6) NOT NULL DEFAULT CURRENT_TIMESTAMP(6),
  `updated_at` datetime(6) NOT NULL DEFAULT CURRENT_TIMESTAMP(6) ON UPDATE CURRENT_TIMESTAMP(6),
  PRIMARY KEY (`id`),
  KEY `FK_88a014f7f080693e6a1b7fc2731` (`influencerID`),
  KEY `FK_08f72e4a7209a9e2c58145a3e5b` (`categoryID`),
  CONSTRAINT `FK_08f72e4a7209a9e2c58145a3e5b` FOREIGN KEY (`categoryID`) REFERENCES `category` (`id`) ON DELETE CASCADE,
  CONSTRAINT `FK_88a014f7f080693e6a1b7fc2731` FOREIGN KEY (`influencerID`) REFERENCES `influencer` (`id`)
) ENGINE=InnoDB AUTO_INCREMENT=241 DEFAULT CHARSET=utf8mb4 COLLATE=utf8mb4_0900_ai_ci;
/*!40101 SET character_set_client = @saved_cs_client */;

--
-- Dumping data for table `influencer_category`
--

LOCK TABLES `influencer_category` WRITE;
/*!40000 ALTER TABLE `influencer_category` DISABLE KEYS */;
INSERT INTO `influencer_category` VALUES (1,1,1,'2022-05-16 16:20:52.423202','2022-05-16 16:20:52.423202'),(2,1,2,'2022-05-16 16:20:52.432155','2022-05-16 16:20:52.432155'),(3,2,1,'2022-05-16 16:20:52.435902','2022-05-16 16:20:52.435902'),(4,2,12,'2022-05-16 16:20:52.439709','2022-05-16 16:20:52.439709'),(5,3,1,'2022-05-16 16:20:52.442448','2022-05-16 16:20:52.442448'),(6,3,2,'2022-05-16 16:20:52.445662','2022-05-16 16:20:52.445662'),(7,4,1,'2022-05-16 16:20:52.450198','2022-05-16 16:20:52.450198'),(8,4,2,'2022-05-16 16:20:52.454478','2022-05-16 16:20:52.454478'),(9,5,1,'2022-05-16 16:20:52.459309','2022-05-16 16:20:52.459309'),(10,5,8,'2022-05-16 16:20:52.463953','2022-05-16 16:20:52.463953'),(11,6,1,'2022-05-16 16:20:52.468769','2022-05-16 16:20:52.468769'),(12,6,12,'2022-05-16 16:20:52.477474','2022-05-16 16:20:52.477474'),(13,7,1,'2022-05-16 16:20:52.483943','2022-05-16 16:20:52.483943'),(14,7,5,'2022-05-16 16:20:52.488849','2022-05-16 16:20:52.488849'),(15,8,1,'2022-05-16 16:20:52.494861','2022-05-16 16:20:52.494861'),(16,8,5,'2022-05-16 16:20:52.499458','2022-05-16 16:20:52.499458'),(17,9,1,'2022-05-16 16:20:52.505081','2022-05-16 16:20:52.505081'),(18,9,3,'2022-05-16 16:20:52.509718','2022-05-16 16:20:52.509718'),(19,10,1,'2022-05-16 16:20:52.513610','2022-05-16 16:20:52.513610'),(20,10,3,'2022-05-16 16:20:52.517275','2022-05-16 16:20:52.517275'),(21,11,2,'2022-05-16 16:20:52.522379','2022-05-16 16:20:52.522379'),(22,11,1,'2022-05-16 16:20:52.526400','2022-05-16 16:20:52.526400'),(23,12,2,'2022-05-16 16:20:52.540621','2022-05-16 16:20:52.540621'),(24,12,4,'2022-05-16 16:20:52.548620','2022-05-16 16:20:52.548620'),(25,13,2,'2022-05-16 16:20:52.555954','2022-05-16 16:20:52.555954'),(26,13,4,'2022-05-16 16:20:52.560056','2022-05-16 16:20:52.560056'),(27,14,2,'2022-05-16 16:20:52.564610','2022-05-16 16:20:52.564610'),(28,14,4,'2022-05-16 16:20:52.569239','2022-05-16 16:20:52.569239'),(29,15,2,'2022-05-16 16:20:52.573231','2022-05-16 16:20:52.573231'),(30,15,5,'2022-05-16 16:20:52.577355','2022-05-16 16:20:52.577355'),(31,16,2,'2022-05-16 16:20:52.583025','2022-05-16 16:20:52.583025'),(32,16,5,'2022-05-16 16:20:52.588051','2022-05-16 16:20:52.588051'),(33,17,2,'2022-05-16 16:20:52.593686','2022-05-16 16:20:52.593686'),(34,17,1,'2022-05-16 16:20:52.649087','2022-05-16 16:20:52.649087'),(35,18,2,'2022-05-16 16:20:52.667202','2022-05-16 16:20:52.667202'),(36,18,1,'2022-05-16 16:20:52.677438','2022-05-16 16:20:52.677438'),(37,19,2,'2022-05-16 16:20:52.684284','2022-05-16 16:20:52.684284'),(38,19,4,'2022-05-16 16:20:52.689430','2022-05-16 16:20:52.689430'),(39,20,2,'2022-05-16 16:20:52.693988','2022-05-16 16:20:52.693988'),(40,20,4,'2022-05-16 16:20:52.698078','2022-05-16 16:20:52.698078'),(41,21,3,'2022-05-16 16:20:52.702948','2022-05-16 16:20:52.702948'),(42,21,5,'2022-05-16 16:20:52.707425','2022-05-16 16:20:52.707425'),(43,22,3,'2022-05-16 16:20:52.711442','2022-05-16 16:20:52.711442'),(44,22,5,'2022-05-16 16:20:52.715715','2022-05-16 16:20:52.715715'),(45,23,3,'2022-05-16 16:20:52.721263','2022-05-16 16:20:52.721263'),(46,23,5,'2022-05-16 16:20:52.725368','2022-05-16 16:20:52.725368'),(47,24,3,'2022-05-16 16:20:52.729338','2022-05-16 16:20:52.729338'),(48,24,5,'2022-05-16 16:20:52.733363','2022-05-16 16:20:52.733363'),(49,25,3,'2022-05-16 16:20:52.739127','2022-05-16 16:20:52.739127'),(50,25,5,'2022-05-16 16:20:52.743619','2022-05-16 16:20:52.743619'),(51,26,3,'2022-05-16 16:20:52.747128','2022-05-16 16:20:52.747128'),(52,26,12,'2022-05-16 16:20:52.751279','2022-05-16 16:20:52.751279'),(53,27,3,'2022-05-16 16:20:52.755960','2022-05-16 16:20:52.755960'),(54,27,1,'2022-05-16 16:20:52.760841','2022-05-16 16:20:52.760841'),(55,28,3,'2022-05-16 16:20:52.765114','2022-05-16 16:20:52.765114'),(56,28,12,'2022-05-16 16:20:52.771955','2022-05-16 16:20:52.771955'),(57,29,3,'2022-05-16 16:20:52.777201','2022-05-16 16:20:52.777201'),(58,29,1,'2022-05-16 16:20:52.781752','2022-05-16 16:20:52.781752'),(59,30,3,'2022-05-16 16:20:52.786137','2022-05-16 16:20:52.786137'),(60,30,1,'2022-05-16 16:20:52.790150','2022-05-16 16:20:52.790150'),(61,31,4,'2022-05-16 16:20:52.793683','2022-05-16 16:20:52.793683'),(62,31,5,'2022-05-16 16:20:52.806247','2022-05-16 16:20:52.806247'),(63,32,4,'2022-05-16 16:20:52.817385','2022-05-16 16:20:52.817385'),(64,32,5,'2022-05-16 16:20:52.823156','2022-05-16 16:20:52.823156'),(65,33,4,'2022-05-16 16:20:52.827504','2022-05-16 16:20:52.827504'),(66,33,5,'2022-05-16 16:20:52.831819','2022-05-16 16:20:52.831819'),(67,34,4,'2022-05-16 16:20:52.836335','2022-05-16 16:20:52.836335'),(68,34,2,'2022-05-16 16:20:52.840553','2022-05-16 16:20:52.840553'),(69,35,4,'2022-05-16 16:20:52.844798','2022-05-16 16:20:52.844798'),(70,35,2,'2022-05-16 16:20:52.848436','2022-05-16 16:20:52.848436'),(71,36,4,'2022-05-16 16:20:52.853176','2022-05-16 16:20:52.853176'),(72,36,2,'2022-05-16 16:20:52.883357','2022-05-16 16:20:52.883357'),(73,37,4,'2022-05-16 16:20:52.892845','2022-05-16 16:20:52.892845'),(74,37,11,'2022-05-16 16:20:52.897830','2022-05-16 16:20:52.897830'),(75,38,4,'2022-05-16 16:20:52.902663','2022-05-16 16:20:52.902663'),(76,38,11,'2022-05-16 16:20:52.906939','2022-05-16 16:20:52.906939'),(77,39,4,'2022-05-16 16:20:52.911119','2022-05-16 16:20:52.911119'),(78,39,11,'2022-05-16 16:20:52.915525','2022-05-16 16:20:52.915525'),(79,40,4,'2022-05-16 16:20:52.922471','2022-05-16 16:20:52.922471'),(80,40,6,'2022-05-16 16:20:52.941347','2022-05-16 16:20:52.941347'),(81,41,5,'2022-05-16 16:20:52.948308','2022-05-16 16:20:52.948308'),(82,41,1,'2022-05-16 16:20:52.955126','2022-05-16 16:20:52.955126'),(83,42,5,'2022-05-16 16:20:52.959592','2022-05-16 16:20:52.959592'),(84,42,1,'2022-05-16 16:20:52.963451','2022-05-16 16:20:52.963451'),(85,43,5,'2022-05-16 16:20:52.967822','2022-05-16 16:20:52.967822'),(86,43,3,'2022-05-16 16:20:52.972025','2022-05-16 16:20:52.972025'),(87,44,5,'2022-05-16 16:20:52.976939','2022-05-16 16:20:52.976939'),(88,44,3,'2022-05-16 16:20:52.984346','2022-05-16 16:20:52.984346'),(89,45,5,'2022-05-16 16:20:52.989850','2022-05-16 16:20:52.989850'),(90,45,4,'2022-05-16 16:20:52.994130','2022-05-16 16:20:52.994130'),(91,46,5,'2022-05-16 16:20:52.998518','2022-05-16 16:20:52.998518'),(92,46,4,'2022-05-16 16:20:53.003169','2022-05-16 16:20:53.003169'),(93,47,5,'2022-05-16 16:20:53.008225','2022-05-16 16:20:53.008225'),(94,47,8,'2022-05-16 16:20:53.012290','2022-05-16 16:20:53.012290'),(95,48,5,'2022-05-16 16:20:53.016703','2022-05-16 16:20:53.016703'),(96,48,8,'2022-05-16 16:20:53.021146','2022-05-16 16:20:53.021146'),(97,49,5,'2022-05-16 16:20:53.024816','2022-05-16 16:20:53.024816'),(98,49,3,'2022-05-16 16:20:53.029087','2022-05-16 16:20:53.029087'),(99,50,5,'2022-05-16 16:20:53.033932','2022-05-16 16:20:53.033932'),(100,50,3,'2022-05-16 16:20:53.038102','2022-05-16 16:20:53.038102'),(101,51,6,'2022-05-16 16:20:53.042551','2022-05-16 16:20:53.042551'),(102,51,4,'2022-05-16 16:20:53.047148','2022-05-16 16:20:53.047148'),(103,52,6,'2022-05-16 16:20:53.051507','2022-05-16 16:20:53.051507'),(104,52,4,'2022-05-16 16:20:53.055297','2022-05-16 16:20:53.055297'),(105,53,6,'2022-05-16 16:20:53.059003','2022-05-16 16:20:53.059003'),(106,53,2,'2022-05-16 16:20:53.075510','2022-05-16 16:20:53.075510'),(107,54,6,'2022-05-16 16:20:53.081890','2022-05-16 16:20:53.081890'),(108,54,2,'2022-05-16 16:20:53.086361','2022-05-16 16:20:53.086361'),(109,55,6,'2022-05-16 16:20:53.090991','2022-05-16 16:20:53.090991'),(110,55,10,'2022-05-16 16:20:53.095356','2022-05-16 16:20:53.095356'),(111,56,6,'2022-05-16 16:20:53.099542','2022-05-16 16:20:53.099542'),(112,56,10,'2022-05-16 16:20:53.107133','2022-05-16 16:20:53.107133'),(113,57,6,'2022-05-16 16:20:53.110962','2022-05-16 16:20:53.110962'),(114,57,3,'2022-05-16 16:20:53.114656','2022-05-16 16:20:53.114656'),(115,58,6,'2022-05-16 16:20:53.118034','2022-05-16 16:20:53.118034'),(116,58,3,'2022-05-16 16:20:53.123248','2022-05-16 16:20:53.123248'),(117,59,6,'2022-05-16 16:20:53.129104','2022-05-16 16:20:53.129104'),(118,59,2,'2022-05-16 16:20:53.133546','2022-05-16 16:20:53.133546'),(119,60,6,'2022-05-16 16:20:53.137918','2022-05-16 16:20:53.137918'),(120,60,2,'2022-05-16 16:20:53.141754','2022-05-16 16:20:53.141754'),(121,61,7,'2022-05-16 16:20:53.147192','2022-05-16 16:20:53.147192'),(122,61,1,'2022-05-16 16:20:53.157436','2022-05-16 16:20:53.157436'),(123,62,7,'2022-05-16 16:20:53.164035','2022-05-16 16:20:53.164035'),(124,62,3,'2022-05-16 16:20:53.168880','2022-05-16 16:20:53.168880'),(125,63,7,'2022-05-16 16:20:53.173324','2022-05-16 16:20:53.173324'),(126,63,5,'2022-05-16 16:20:53.177625','2022-05-16 16:20:53.177625'),(127,64,7,'2022-05-16 16:20:53.181392','2022-05-16 16:20:53.181392'),(128,64,4,'2022-05-16 16:20:53.192402','2022-05-16 16:20:53.192402'),(129,65,7,'2022-05-16 16:20:53.200072','2022-05-16 16:20:53.200072'),(130,65,11,'2022-05-16 16:20:53.205625','2022-05-16 16:20:53.205625'),(131,66,7,'2022-05-16 16:20:53.209330','2022-05-16 16:20:53.209330'),(132,66,12,'2022-05-16 16:20:53.213108','2022-05-16 16:20:53.213108'),(133,67,7,'2022-05-16 16:20:53.217197','2022-05-16 16:20:53.217197'),(134,67,10,'2022-05-16 16:20:53.222708','2022-05-16 16:20:53.222708'),(135,68,7,'2022-05-16 16:20:53.226947','2022-05-16 16:20:53.226947'),(136,68,9,'2022-05-16 16:20:53.231027','2022-05-16 16:20:53.231027'),(137,69,7,'2022-05-16 16:20:53.235769','2022-05-16 16:20:53.235769'),(138,69,9,'2022-05-16 16:20:53.240394','2022-05-16 16:20:53.240394'),(139,70,7,'2022-05-16 16:20:53.244999','2022-05-16 16:20:53.244999'),(140,70,8,'2022-05-16 16:20:53.250701','2022-05-16 16:20:53.250701'),(141,71,8,'2022-05-16 16:20:53.256018','2022-05-16 16:20:53.256018'),(142,71,9,'2022-05-16 16:20:53.262059','2022-05-16 16:20:53.262059'),(143,72,8,'2022-05-16 16:20:53.266022','2022-05-16 16:20:53.266022'),(144,72,9,'2022-05-16 16:20:53.280640','2022-05-16 16:20:53.280640'),(145,73,8,'2022-05-16 16:20:53.287270','2022-05-16 16:20:53.287270'),(146,73,9,'2022-05-16 16:20:53.291806','2022-05-16 16:20:53.291806'),(147,74,8,'2022-05-16 16:20:53.295346','2022-05-16 16:20:53.295346'),(148,74,5,'2022-05-16 16:20:53.299003','2022-05-16 16:20:53.299003'),(149,75,8,'2022-05-16 16:20:53.302851','2022-05-16 16:20:53.302851'),(150,75,5,'2022-05-16 16:20:53.306427','2022-05-16 16:20:53.306427'),(151,76,8,'2022-05-16 16:20:53.311554','2022-05-16 16:20:53.311554'),(152,76,5,'2022-05-16 16:20:53.318092','2022-05-16 16:20:53.318092'),(153,77,8,'2022-05-16 16:20:53.323577','2022-05-16 16:20:53.323577'),(154,77,3,'2022-05-16 16:20:53.327739','2022-05-16 16:20:53.327739'),(155,78,8,'2022-05-16 16:20:53.333409','2022-05-16 16:20:53.333409'),(156,78,3,'2022-05-16 16:20:53.337589','2022-05-16 16:20:53.337589'),(157,79,8,'2022-05-16 16:20:53.341169','2022-05-16 16:20:53.341169'),(158,79,7,'2022-05-16 16:20:53.344886','2022-05-16 16:20:53.344886'),(159,80,8,'2022-05-16 16:20:53.348930','2022-05-16 16:20:53.348930'),(160,80,7,'2022-05-16 16:20:53.354339','2022-05-16 16:20:53.354339'),(161,81,9,'2022-05-16 16:20:53.358767','2022-05-16 16:20:53.358767'),(162,81,10,'2022-05-16 16:20:53.363187','2022-05-16 16:20:53.363187'),(163,82,9,'2022-05-16 16:20:53.367252','2022-05-16 16:20:53.367252'),(164,82,10,'2022-05-16 16:20:53.371398','2022-05-16 16:20:53.371398'),(165,83,9,'2022-05-16 16:20:53.375488','2022-05-16 16:20:53.375488'),(166,83,11,'2022-05-16 16:20:53.379055','2022-05-16 16:20:53.379055'),(167,84,9,'2022-05-16 16:20:53.382870','2022-05-16 16:20:53.382870'),(168,84,11,'2022-05-16 16:20:53.387236','2022-05-16 16:20:53.387236'),(169,85,9,'2022-05-16 16:20:53.391758','2022-05-16 16:20:53.391758'),(170,85,12,'2022-05-16 16:20:53.395853','2022-05-16 16:20:53.395853'),(171,86,9,'2022-05-16 16:20:53.401357','2022-05-16 16:20:53.401357'),(172,86,12,'2022-05-16 16:20:53.406764','2022-05-16 16:20:53.406764'),(173,87,9,'2022-05-16 16:20:53.410901','2022-05-16 16:20:53.410901'),(174,87,12,'2022-05-16 16:20:53.414937','2022-05-16 16:20:53.414937'),(175,88,9,'2022-05-16 16:20:53.419902','2022-05-16 16:20:53.419902'),(176,88,12,'2022-05-16 16:20:53.424079','2022-05-16 16:20:53.424079'),(177,89,9,'2022-05-16 16:20:53.427870','2022-05-16 16:20:53.427870'),(178,89,4,'2022-05-16 16:20:53.432272','2022-05-16 16:20:53.432272'),(179,90,9,'2022-05-16 16:20:53.436982','2022-05-16 16:20:53.436982'),(180,90,4,'2022-05-16 16:20:53.453807','2022-05-16 16:20:53.453807'),(181,91,10,'2022-05-16 16:20:53.474594','2022-05-16 16:20:53.474594'),(182,91,9,'2022-05-16 16:20:53.479507','2022-05-16 16:20:53.479507'),(183,92,10,'2022-05-16 16:20:53.484454','2022-05-16 16:20:53.484454'),(184,92,9,'2022-05-16 16:20:53.488696','2022-05-16 16:20:53.488696'),(185,93,10,'2022-05-16 16:20:53.492439','2022-05-16 16:20:53.492439'),(186,93,9,'2022-05-16 16:20:53.497193','2022-05-16 16:20:53.497193'),(187,94,10,'2022-05-16 16:20:53.501807','2022-05-16 16:20:53.501807'),(188,94,12,'2022-05-16 16:20:53.505787','2022-05-16 16:20:53.505787'),(189,95,10,'2022-05-16 16:20:53.510389','2022-05-16 16:20:53.510389'),(190,95,12,'2022-05-16 16:20:53.514699','2022-05-16 16:20:53.514699'),(191,96,10,'2022-05-16 16:20:53.521218','2022-05-16 16:20:53.521218'),(192,96,12,'2022-05-16 16:20:53.525320','2022-05-16 16:20:53.525320'),(193,97,10,'2022-05-16 16:20:53.528482','2022-05-16 16:20:53.528482'),(194,97,12,'2022-05-16 16:20:53.531468','2022-05-16 16:20:53.531468'),(195,98,10,'2022-05-16 16:20:53.534510','2022-05-16 16:20:53.534510'),(196,98,3,'2022-05-16 16:20:53.537590','2022-05-16 16:20:53.537590'),(197,99,10,'2022-05-16 16:20:53.541068','2022-05-16 16:20:53.541068'),(198,99,12,'2022-05-16 16:20:53.544373','2022-05-16 16:20:53.544373'),(199,100,10,'2022-05-16 16:20:53.548363','2022-05-16 16:20:53.548363'),(200,100,12,'2022-05-16 16:20:53.559685','2022-05-16 16:20:53.559685'),(201,101,11,'2022-05-16 16:20:53.568982','2022-05-16 16:20:53.568982'),(202,101,4,'2022-05-16 16:20:53.574138','2022-05-16 16:20:53.574138'),(203,102,11,'2022-05-16 16:20:53.579127','2022-05-16 16:20:53.579127'),(204,102,4,'2022-05-16 16:20:53.583023','2022-05-16 16:20:53.583023'),(205,103,11,'2022-05-16 16:20:53.587583','2022-05-16 16:20:53.587583'),(206,103,4,'2022-05-16 16:20:53.591947','2022-05-16 16:20:53.591947'),(207,104,11,'2022-05-16 16:20:53.595459','2022-05-16 16:20:53.595459'),(208,104,4,'2022-05-16 16:20:53.600977','2022-05-16 16:20:53.600977'),(209,105,11,'2022-05-16 16:20:53.606393','2022-05-16 16:20:53.606393'),(210,105,2,'2022-05-16 16:20:53.610165','2022-05-16 16:20:53.610165'),(211,106,11,'2022-05-16 16:20:53.613888','2022-05-16 16:20:53.613888'),(212,106,2,'2022-05-16 16:20:53.617928','2022-05-16 16:20:53.617928'),(213,107,11,'2022-05-16 16:20:53.622222','2022-05-16 16:20:53.622222'),(214,107,2,'2022-05-16 16:20:53.633084','2022-05-16 16:20:53.633084'),(215,108,11,'2022-05-16 16:20:53.641931','2022-05-16 16:20:53.641931'),(216,108,2,'2022-05-16 16:20:53.645598','2022-05-16 16:20:53.645598'),(217,109,11,'2022-05-16 16:20:53.649176','2022-05-16 16:20:53.649176'),(218,109,9,'2022-05-16 16:20:53.653248','2022-05-16 16:20:53.653248'),(219,110,11,'2022-05-16 16:20:53.657414','2022-05-16 16:20:53.657414'),(220,110,9,'2022-05-16 16:20:53.661133','2022-05-16 16:20:53.661133'),(221,111,12,'2022-05-16 16:20:53.664358','2022-05-16 16:20:53.664358'),(222,111,9,'2022-05-16 16:20:53.668382','2022-05-16 16:20:53.668382'),(223,112,12,'2022-05-16 16:20:53.672449','2022-05-16 16:20:53.672449'),(224,112,9,'2022-05-16 16:20:53.675997','2022-05-16 16:20:53.675997'),(225,113,12,'2022-05-16 16:20:53.679642','2022-05-16 16:20:53.679642'),(226,113,9,'2022-05-16 16:20:53.683388','2022-05-16 16:20:53.683388'),(227,114,12,'2022-05-16 16:20:53.686986','2022-05-16 16:20:53.686986'),(228,114,9,'2022-05-16 16:20:53.690839','2022-05-16 16:20:53.690839'),(229,115,12,'2022-05-16 16:20:53.695185','2022-05-16 16:20:53.695185'),(230,115,7,'2022-05-16 16:20:53.699101','2022-05-16 16:20:53.699101'),(231,116,12,'2022-05-16 16:20:53.703297','2022-05-16 16:20:53.703297'),(232,116,8,'2022-05-16 16:20:53.707530','2022-05-16 16:20:53.707530'),(233,117,12,'2022-05-16 16:20:53.711018','2022-05-16 16:20:53.711018'),(234,117,8,'2022-05-16 16:20:53.714790','2022-05-16 16:20:53.714790'),(235,118,12,'2022-05-16 16:20:53.718755','2022-05-16 16:20:53.718755'),(236,118,10,'2022-05-16 16:20:53.723722','2022-05-16 16:20:53.723722'),(237,119,12,'2022-05-16 16:20:53.728165','2022-05-16 16:20:53.728165'),(238,119,10,'2022-05-16 16:20:53.731921','2022-05-16 16:20:53.731921'),(239,120,12,'2022-05-16 16:20:53.735895','2022-05-16 16:20:53.735895'),(240,120,11,'2022-05-16 16:20:53.739457','2022-05-16 16:20:53.739457');
/*!40000 ALTER TABLE `influencer_category` ENABLE KEYS */;
UNLOCK TABLES;

--
-- Table structure for table `influencer_hashtag`
--

DROP TABLE IF EXISTS `influencer_hashtag`;
/*!40101 SET @saved_cs_client     = @@character_set_client */;
/*!50503 SET character_set_client = utf8mb4 */;
CREATE TABLE `influencer_hashtag` (
  `id` int NOT NULL AUTO_INCREMENT,
  `influencerID` int NOT NULL,
  `hashtagID` int NOT NULL,
  `created_at` datetime(6) NOT NULL DEFAULT CURRENT_TIMESTAMP(6),
  `updated_at` datetime(6) NOT NULL DEFAULT CURRENT_TIMESTAMP(6) ON UPDATE CURRENT_TIMESTAMP(6),
  PRIMARY KEY (`id`),
  KEY `FK_3bafea3bca587136b00ff8a08aa` (`influencerID`),
  KEY `FK_db4d980ca9e05f823772a53035d` (`hashtagID`),
  CONSTRAINT `FK_3bafea3bca587136b00ff8a08aa` FOREIGN KEY (`influencerID`) REFERENCES `influencer` (`id`),
  CONSTRAINT `FK_db4d980ca9e05f823772a53035d` FOREIGN KEY (`hashtagID`) REFERENCES `hashtag` (`id`) ON DELETE CASCADE
) ENGINE=InnoDB AUTO_INCREMENT=485 DEFAULT CHARSET=utf8mb4 COLLATE=utf8mb4_0900_ai_ci;
/*!40101 SET character_set_client = @saved_cs_client */;

--
-- Dumping data for table `influencer_hashtag`
--

LOCK TABLES `influencer_hashtag` WRITE;
/*!40000 ALTER TABLE `influencer_hashtag` DISABLE KEYS */;
INSERT INTO `influencer_hashtag` VALUES (1,1,1,'2022-05-16 16:21:27.958116','2022-05-16 16:21:27.958116'),(2,1,2,'2022-05-16 16:21:27.981433','2022-05-16 16:21:27.981433'),(3,1,5,'2022-05-16 16:21:27.985859','2022-05-16 16:21:27.985859'),(4,1,8,'2022-05-16 16:21:27.989261','2022-05-16 16:21:27.989261'),(9,2,1,'2022-05-16 16:21:27.992423','2022-05-16 16:21:27.992423'),(10,2,3,'2022-05-16 16:21:27.996594','2022-05-16 16:21:27.996594'),(11,2,48,'2022-05-16 16:21:28.008303','2022-05-16 16:21:28.008303'),(12,2,45,'2022-05-16 16:21:28.019542','2022-05-16 16:21:28.019542'),(13,3,2,'2022-05-16 16:21:28.027542','2022-05-16 16:21:28.027542'),(14,3,4,'2022-05-16 16:21:28.044218','2022-05-16 16:21:28.044218'),(15,3,6,'2022-05-16 16:21:28.052260','2022-05-16 16:21:28.052260'),(16,3,7,'2022-05-16 16:21:28.055745','2022-05-16 16:21:28.055745'),(17,4,1,'2022-05-16 16:21:28.059346','2022-05-16 16:21:28.059346'),(18,4,3,'2022-05-16 16:21:28.063214','2022-05-16 16:21:28.063214'),(19,4,8,'2022-05-16 16:21:28.078986','2022-05-16 16:21:28.078986'),(20,4,7,'2022-05-16 16:21:28.083149','2022-05-16 16:21:28.083149'),(21,5,4,'2022-05-16 16:21:28.086960','2022-05-16 16:21:28.086960'),(22,5,2,'2022-05-16 16:21:28.090780','2022-05-16 16:21:28.090780'),(23,5,29,'2022-05-16 16:21:28.094302','2022-05-16 16:21:28.094302'),(24,5,30,'2022-05-16 16:21:28.098357','2022-05-16 16:21:28.098357'),(25,6,3,'2022-05-16 16:21:28.102353','2022-05-16 16:21:28.102353'),(26,6,4,'2022-05-16 16:21:28.106178','2022-05-16 16:21:28.106178'),(27,6,45,'2022-05-16 16:21:28.110086','2022-05-16 16:21:28.110086'),(28,6,46,'2022-05-16 16:21:28.114004','2022-05-16 16:21:28.114004'),(29,7,2,'2022-05-16 16:21:28.119368','2022-05-16 16:21:28.119368'),(30,7,3,'2022-05-16 16:21:28.123556','2022-05-16 16:21:28.123556'),(31,7,25,'2022-05-16 16:21:28.127217','2022-05-16 16:21:28.127217'),(32,7,26,'2022-05-16 16:21:28.130298','2022-05-16 16:21:28.130298'),(33,8,1,'2022-05-16 16:21:28.133469','2022-05-16 16:21:28.133469'),(34,8,4,'2022-05-16 16:21:28.136486','2022-05-16 16:21:28.136486'),(35,8,17,'2022-05-16 16:21:28.141186','2022-05-16 16:21:28.141186'),(36,8,19,'2022-05-16 16:21:28.145638','2022-05-16 16:21:28.145638'),(37,9,3,'2022-05-16 16:21:28.148904','2022-05-16 16:21:28.148904'),(38,9,4,'2022-05-16 16:21:28.152175','2022-05-16 16:21:28.152175'),(39,9,10,'2022-05-16 16:21:28.156031','2022-05-16 16:21:28.156031'),(40,9,11,'2022-05-16 16:21:28.159377','2022-05-16 16:21:28.159377'),(41,10,2,'2022-05-16 16:21:28.162348','2022-05-16 16:21:28.162348'),(42,10,3,'2022-05-16 16:21:28.165106','2022-05-16 16:21:28.165106'),(43,10,9,'2022-05-16 16:21:28.168985','2022-05-16 16:21:28.168985'),(44,10,12,'2022-05-16 16:21:28.172472','2022-05-16 16:21:28.172472'),(45,11,5,'2022-05-16 16:21:28.175691','2022-05-16 16:21:28.175691'),(46,11,6,'2022-05-16 16:21:28.178867','2022-05-16 16:21:28.178867'),(47,11,3,'2022-05-16 16:21:28.181729','2022-05-16 16:21:28.181729'),(48,11,4,'2022-05-16 16:21:28.184491','2022-05-16 16:21:28.184491'),(49,12,7,'2022-05-16 16:21:28.187496','2022-05-16 16:21:28.187496'),(50,12,8,'2022-05-16 16:21:28.190232','2022-05-16 16:21:28.190232'),(51,12,16,'2022-05-16 16:21:28.194176','2022-05-16 16:21:28.194176'),(52,12,13,'2022-05-16 16:21:28.197646','2022-05-16 16:21:28.197646'),(53,13,7,'2022-05-16 16:21:28.201189','2022-05-16 16:21:28.201189'),(54,13,5,'2022-05-16 16:21:28.205162','2022-05-16 16:21:28.205162'),(55,13,13,'2022-05-16 16:21:28.209008','2022-05-16 16:21:28.209008'),(56,13,14,'2022-05-16 16:21:28.212524','2022-05-16 16:21:28.212524'),(57,14,6,'2022-05-16 16:21:28.225269','2022-05-16 16:21:28.225269'),(58,14,7,'2022-05-16 16:21:28.229789','2022-05-16 16:21:28.229789'),(59,14,15,'2022-05-16 16:21:28.233645','2022-05-16 16:21:28.233645'),(60,14,13,'2022-05-16 16:21:28.238160','2022-05-16 16:21:28.238160'),(61,15,5,'2022-05-16 16:21:28.242307','2022-05-16 16:21:28.242307'),(62,15,8,'2022-05-16 16:21:28.245890','2022-05-16 16:21:28.245890'),(63,15,20,'2022-05-16 16:21:28.249820','2022-05-16 16:21:28.249820'),(64,15,19,'2022-05-16 16:21:28.253578','2022-05-16 16:21:28.253578'),(65,16,7,'2022-05-16 16:21:28.257462','2022-05-16 16:21:28.257462'),(66,16,5,'2022-05-16 16:21:28.261262','2022-05-16 16:21:28.261262'),(67,16,17,'2022-05-16 16:21:28.265353','2022-05-16 16:21:28.265353'),(68,16,18,'2022-05-16 16:21:28.269478','2022-05-16 16:21:28.269478'),(69,17,5,'2022-05-16 16:21:28.273859','2022-05-16 16:21:28.273859'),(70,17,7,'2022-05-16 16:21:28.277743','2022-05-16 16:21:28.277743'),(71,17,1,'2022-05-16 16:21:28.283231','2022-05-16 16:21:28.283231'),(72,17,2,'2022-05-16 16:21:28.289173','2022-05-16 16:21:28.289173'),(73,18,8,'2022-05-16 16:21:28.293266','2022-05-16 16:21:28.293266'),(74,18,6,'2022-05-16 16:21:28.297350','2022-05-16 16:21:28.297350'),(75,18,2,'2022-05-16 16:21:28.302738','2022-05-16 16:21:28.302738'),(76,18,3,'2022-05-16 16:21:28.307461','2022-05-16 16:21:28.307461'),(77,19,5,'2022-05-16 16:21:28.311378','2022-05-16 16:21:28.311378'),(78,19,6,'2022-05-16 16:21:28.315252','2022-05-16 16:21:28.315252'),(79,19,16,'2022-05-16 16:21:28.319912','2022-05-16 16:21:28.319912'),(80,19,15,'2022-05-16 16:21:28.326457','2022-05-16 16:21:28.326457'),(81,20,6,'2022-05-16 16:21:28.330764','2022-05-16 16:21:28.330764'),(82,20,7,'2022-05-16 16:21:28.334518','2022-05-16 16:21:28.334518'),(83,20,13,'2022-05-16 16:21:28.338995','2022-05-16 16:21:28.338995'),(84,20,14,'2022-05-16 16:21:28.343208','2022-05-16 16:21:28.343208'),(85,21,11,'2022-05-16 16:21:28.347660','2022-05-16 16:21:28.347660'),(86,21,12,'2022-05-16 16:21:28.351992','2022-05-16 16:21:28.351992'),(87,21,17,'2022-05-16 16:21:28.355614','2022-05-16 16:21:28.355614'),(88,21,20,'2022-05-16 16:21:28.360643','2022-05-16 16:21:28.360643'),(89,22,9,'2022-05-16 16:21:28.365101','2022-05-16 16:21:28.365101'),(90,22,10,'2022-05-16 16:21:28.369477','2022-05-16 16:21:28.369477'),(91,22,17,'2022-05-16 16:21:28.373498','2022-05-16 16:21:28.373498'),(92,22,18,'2022-05-16 16:21:28.378464','2022-05-16 16:21:28.378464'),(93,23,10,'2022-05-16 16:21:28.382498','2022-05-16 16:21:28.382498'),(94,23,11,'2022-05-16 16:21:28.386662','2022-05-16 16:21:28.386662'),(95,23,18,'2022-05-16 16:21:28.394318','2022-05-16 16:21:28.394318'),(96,23,19,'2022-05-16 16:21:28.398824','2022-05-16 16:21:28.398824'),(97,24,10,'2022-05-16 16:21:28.402549','2022-05-16 16:21:28.402549'),(98,24,12,'2022-05-16 16:21:28.406093','2022-05-16 16:21:28.406093'),(99,24,17,'2022-05-16 16:21:28.409256','2022-05-16 16:21:28.409256'),(100,24,20,'2022-05-16 16:21:28.443343','2022-05-16 16:21:28.443343'),(101,25,9,'2022-05-16 16:21:28.447345','2022-05-16 16:21:28.447345'),(102,25,11,'2022-05-16 16:21:28.451371','2022-05-16 16:21:28.451371'),(103,25,20,'2022-05-16 16:21:28.455028','2022-05-16 16:21:28.455028'),(104,25,19,'2022-05-16 16:21:28.458240','2022-05-16 16:21:28.458240'),(105,26,11,'2022-05-16 16:21:28.462176','2022-05-16 16:21:28.462176'),(106,26,12,'2022-05-16 16:21:28.466479','2022-05-16 16:21:28.466479'),(107,26,45,'2022-05-16 16:21:28.470430','2022-05-16 16:21:28.470430'),(108,26,46,'2022-05-16 16:21:28.476928','2022-05-16 16:21:28.476928'),(109,27,12,'2022-05-16 16:21:28.483516','2022-05-16 16:21:28.483516'),(110,27,11,'2022-05-16 16:21:28.488255','2022-05-16 16:21:28.488255'),(111,27,1,'2022-05-16 16:21:28.492089','2022-05-16 16:21:28.492089'),(112,27,3,'2022-05-16 16:21:28.495570','2022-05-16 16:21:28.495570'),(113,28,9,'2022-05-16 16:21:28.499471','2022-05-16 16:21:28.499471'),(114,28,10,'2022-05-16 16:21:28.503763','2022-05-16 16:21:28.503763'),(115,28,45,'2022-05-16 16:21:28.507251','2022-05-16 16:21:28.507251'),(116,28,47,'2022-05-16 16:21:28.510639','2022-05-16 16:21:28.510639'),(117,29,11,'2022-05-16 16:21:28.513524','2022-05-16 16:21:28.513524'),(118,29,12,'2022-05-16 16:21:28.517254','2022-05-16 16:21:28.517254'),(119,29,2,'2022-05-16 16:21:28.520650','2022-05-16 16:21:28.520650'),(120,29,3,'2022-05-16 16:21:28.523719','2022-05-16 16:21:28.523719'),(121,30,9,'2022-05-16 16:21:28.526867','2022-05-16 16:21:28.526867'),(122,30,10,'2022-05-16 16:21:28.530225','2022-05-16 16:21:28.530225'),(123,30,3,'2022-05-16 16:21:28.534035','2022-05-16 16:21:28.534035'),(124,30,4,'2022-05-16 16:21:28.538041','2022-05-16 16:21:28.538041'),(125,31,16,'2022-05-16 16:21:28.542517','2022-05-16 16:21:28.542517'),(126,31,15,'2022-05-16 16:21:28.546124','2022-05-16 16:21:28.546124'),(127,31,17,'2022-05-16 16:21:28.550004','2022-05-16 16:21:28.550004'),(128,31,20,'2022-05-16 16:21:28.553914','2022-05-16 16:21:28.553914'),(129,32,14,'2022-05-16 16:21:28.557634','2022-05-16 16:21:28.557634'),(130,32,13,'2022-05-16 16:21:28.564294','2022-05-16 16:21:28.564294'),(131,32,18,'2022-05-16 16:21:28.569553','2022-05-16 16:21:28.569553'),(132,32,19,'2022-05-16 16:21:28.573710','2022-05-16 16:21:28.573710'),(133,33,13,'2022-05-16 16:21:28.577156','2022-05-16 16:21:28.577156'),(134,33,15,'2022-05-16 16:21:28.580078','2022-05-16 16:21:28.580078'),(135,33,20,'2022-05-16 16:21:28.583675','2022-05-16 16:21:28.583675'),(136,33,19,'2022-05-16 16:21:28.587439','2022-05-16 16:21:28.587439'),(137,34,14,'2022-05-16 16:21:28.591396','2022-05-16 16:21:28.591396'),(138,34,16,'2022-05-16 16:21:28.594627','2022-05-16 16:21:28.594627'),(139,34,8,'2022-05-16 16:21:28.597952','2022-05-16 16:21:28.597952'),(140,34,7,'2022-05-16 16:21:28.601982','2022-05-16 16:21:28.601982'),(141,35,16,'2022-05-16 16:21:28.606462','2022-05-16 16:21:28.606462'),(142,35,14,'2022-05-16 16:21:28.610583','2022-05-16 16:21:28.610583'),(143,35,5,'2022-05-16 16:21:28.614399','2022-05-16 16:21:28.614399'),(144,35,6,'2022-05-16 16:21:28.618321','2022-05-16 16:21:28.618321'),(145,36,14,'2022-05-16 16:21:28.622102','2022-05-16 16:21:28.622102'),(146,36,15,'2022-05-16 16:21:28.625735','2022-05-16 16:21:28.625735'),(147,36,5,'2022-05-16 16:21:28.629637','2022-05-16 16:21:28.629637'),(148,36,8,'2022-05-16 16:21:28.633364','2022-05-16 16:21:28.633364'),(149,37,13,'2022-05-16 16:21:28.637820','2022-05-16 16:21:28.637820'),(150,37,14,'2022-05-16 16:21:28.641869','2022-05-16 16:21:28.641869'),(151,37,43,'2022-05-16 16:21:28.645736','2022-05-16 16:21:28.645736'),(152,37,44,'2022-05-16 16:21:28.650624','2022-05-16 16:21:28.650624'),(153,38,14,'2022-05-16 16:21:28.656962','2022-05-16 16:21:28.656962'),(154,38,13,'2022-05-16 16:21:28.660317','2022-05-16 16:21:28.660317'),(155,38,41,'2022-05-16 16:21:28.664383','2022-05-16 16:21:28.664383'),(156,38,42,'2022-05-16 16:21:28.668612','2022-05-16 16:21:28.668612'),(157,39,16,'2022-05-16 16:21:28.672043','2022-05-16 16:21:28.672043'),(158,39,15,'2022-05-16 16:21:28.676144','2022-05-16 16:21:28.676144'),(159,39,43,'2022-05-16 16:21:28.680993','2022-05-16 16:21:28.680993'),(160,39,41,'2022-05-16 16:21:28.685408','2022-05-16 16:21:28.685408'),(161,40,14,'2022-05-16 16:21:28.689702','2022-05-16 16:21:28.689702'),(162,40,13,'2022-05-16 16:21:28.693345','2022-05-16 16:21:28.693345'),(163,40,21,'2022-05-16 16:21:28.697036','2022-05-16 16:21:28.697036'),(164,40,24,'2022-05-16 16:21:28.700516','2022-05-16 16:21:28.700516'),(165,41,17,'2022-05-16 16:21:28.704996','2022-05-16 16:21:28.704996'),(166,41,18,'2022-05-16 16:21:28.709117','2022-05-16 16:21:28.709117'),(167,41,1,'2022-05-16 16:21:28.712634','2022-05-16 16:21:28.712634'),(168,41,2,'2022-05-16 16:21:28.717215','2022-05-16 16:21:28.717215'),(169,42,20,'2022-05-16 16:21:28.732775','2022-05-16 16:21:28.732775'),(170,42,17,'2022-05-16 16:21:28.755485','2022-05-16 16:21:28.755485'),(171,42,2,'2022-05-16 16:21:28.760055','2022-05-16 16:21:28.760055'),(172,42,3,'2022-05-16 16:21:28.763453','2022-05-16 16:21:28.763453'),(173,43,19,'2022-05-16 16:21:28.767498','2022-05-16 16:21:28.767498'),(174,43,18,'2022-05-16 16:21:28.778817','2022-05-16 16:21:28.778817'),(175,43,10,'2022-05-16 16:21:28.784904','2022-05-16 16:21:28.784904'),(176,43,11,'2022-05-16 16:21:28.789930','2022-05-16 16:21:28.789930'),(177,44,17,'2022-05-16 16:21:28.793471','2022-05-16 16:21:28.793471'),(178,44,18,'2022-05-16 16:21:28.797250','2022-05-16 16:21:28.797250'),(179,44,11,'2022-05-16 16:21:28.800598','2022-05-16 16:21:28.800598'),(180,44,12,'2022-05-16 16:21:28.804007','2022-05-16 16:21:28.804007'),(181,45,17,'2022-05-16 16:21:28.807491','2022-05-16 16:21:28.807491'),(182,45,20,'2022-05-16 16:21:28.811132','2022-05-16 16:21:28.811132'),(183,45,13,'2022-05-16 16:21:28.814570','2022-05-16 16:21:28.814570'),(184,45,16,'2022-05-16 16:21:28.817504','2022-05-16 16:21:28.817504'),(185,46,18,'2022-05-16 16:21:28.820453','2022-05-16 16:21:28.820453'),(186,46,20,'2022-05-16 16:21:28.823472','2022-05-16 16:21:28.823472'),(187,46,13,'2022-05-16 16:21:28.826695','2022-05-16 16:21:28.826695'),(188,46,16,'2022-05-16 16:21:28.830147','2022-05-16 16:21:28.830147'),(189,47,17,'2022-05-16 16:21:28.834447','2022-05-16 16:21:28.834447'),(190,47,20,'2022-05-16 16:21:28.848715','2022-05-16 16:21:28.848715'),(191,47,32,'2022-05-16 16:21:28.855149','2022-05-16 16:21:28.855149'),(192,47,31,'2022-05-16 16:21:28.858916','2022-05-16 16:21:28.858916'),(193,48,17,'2022-05-16 16:21:28.862831','2022-05-16 16:21:28.862831'),(194,48,20,'2022-05-16 16:21:28.866393','2022-05-16 16:21:28.866393'),(195,48,29,'2022-05-16 16:21:28.870031','2022-05-16 16:21:28.870031'),(196,48,30,'2022-05-16 16:21:28.873670','2022-05-16 16:21:28.873670'),(197,49,18,'2022-05-16 16:21:28.877230','2022-05-16 16:21:28.877230'),(198,49,20,'2022-05-16 16:21:28.882317','2022-05-16 16:21:28.882317'),(199,49,10,'2022-05-16 16:21:28.886317','2022-05-16 16:21:28.886317'),(200,49,12,'2022-05-16 16:21:28.889362','2022-05-16 16:21:28.889362'),(201,50,19,'2022-05-16 16:21:28.892495','2022-05-16 16:21:28.892495'),(202,50,20,'2022-05-16 16:21:28.896004','2022-05-16 16:21:28.896004'),(203,50,9,'2022-05-16 16:21:28.901063','2022-05-16 16:21:28.901063'),(204,50,10,'2022-05-16 16:21:28.907466','2022-05-16 16:21:28.907466'),(205,51,21,'2022-05-16 16:21:28.911224','2022-05-16 16:21:28.911224'),(206,51,22,'2022-05-16 16:21:28.914409','2022-05-16 16:21:28.914409'),(207,51,15,'2022-05-16 16:21:28.917873','2022-05-16 16:21:28.917873'),(208,51,16,'2022-05-16 16:21:28.921494','2022-05-16 16:21:28.921494'),(209,52,23,'2022-05-16 16:21:28.925089','2022-05-16 16:21:28.925089'),(210,52,24,'2022-05-16 16:21:28.928900','2022-05-16 16:21:28.928900'),(211,52,13,'2022-05-16 16:21:28.932648','2022-05-16 16:21:28.932648'),(212,52,14,'2022-05-16 16:21:28.937313','2022-05-16 16:21:28.937313'),(213,53,22,'2022-05-16 16:21:28.941383','2022-05-16 16:21:28.941383'),(214,53,24,'2022-05-16 16:21:28.945527','2022-05-16 16:21:28.945527'),(215,53,7,'2022-05-16 16:21:28.949546','2022-05-16 16:21:28.949546'),(216,53,8,'2022-05-16 16:21:28.954380','2022-05-16 16:21:28.954380'),(217,54,21,'2022-05-16 16:21:28.958422','2022-05-16 16:21:28.958422'),(218,54,23,'2022-05-16 16:21:28.961691','2022-05-16 16:21:28.961691'),(219,54,5,'2022-05-16 16:21:28.965211','2022-05-16 16:21:28.965211'),(220,54,6,'2022-05-16 16:21:28.969253','2022-05-16 16:21:28.969253'),(221,55,21,'2022-05-16 16:21:28.972728','2022-05-16 16:21:28.972728'),(222,55,24,'2022-05-16 16:21:28.976666','2022-05-16 16:21:28.976666'),(223,55,37,'2022-05-16 16:21:28.981014','2022-05-16 16:21:28.981014'),(224,55,38,'2022-05-16 16:21:28.985484','2022-05-16 16:21:28.985484'),(225,56,22,'2022-05-16 16:21:28.989589','2022-05-16 16:21:28.989589'),(226,56,23,'2022-05-16 16:21:28.992657','2022-05-16 16:21:28.992657'),(227,56,39,'2022-05-16 16:21:28.995876','2022-05-16 16:21:28.995876'),(228,56,40,'2022-05-16 16:21:29.000002','2022-05-16 16:21:29.000002'),(229,57,21,'2022-05-16 16:21:29.003794','2022-05-16 16:21:29.003794'),(230,57,23,'2022-05-16 16:21:29.007537','2022-05-16 16:21:29.007537'),(231,57,12,'2022-05-16 16:21:29.011027','2022-05-16 16:21:29.011027'),(232,57,11,'2022-05-16 16:21:29.014596','2022-05-16 16:21:29.014596'),(233,58,22,'2022-05-16 16:21:29.018494','2022-05-16 16:21:29.018494'),(234,58,23,'2022-05-16 16:21:29.021810','2022-05-16 16:21:29.021810'),(235,58,12,'2022-05-16 16:21:29.024839','2022-05-16 16:21:29.024839'),(236,58,11,'2022-05-16 16:21:29.028338','2022-05-16 16:21:29.028338'),(237,59,22,'2022-05-16 16:21:29.031743','2022-05-16 16:21:29.031743'),(238,59,23,'2022-05-16 16:21:29.035501','2022-05-16 16:21:29.035501'),(239,59,5,'2022-05-16 16:21:29.039424','2022-05-16 16:21:29.039424'),(240,59,6,'2022-05-16 16:21:29.043140','2022-05-16 16:21:29.043140'),(241,60,21,'2022-05-16 16:21:29.046609','2022-05-16 16:21:29.046609'),(242,60,23,'2022-05-16 16:21:29.050585','2022-05-16 16:21:29.050585'),(243,60,7,'2022-05-16 16:21:29.054141','2022-05-16 16:21:29.054141'),(244,60,8,'2022-05-16 16:21:29.057588','2022-05-16 16:21:29.057588'),(245,61,27,'2022-05-16 16:21:29.061346','2022-05-16 16:21:29.061346'),(246,61,28,'2022-05-16 16:21:29.065020','2022-05-16 16:21:29.065020'),(247,61,1,'2022-05-16 16:21:29.068843','2022-05-16 16:21:29.068843'),(248,61,3,'2022-05-16 16:21:29.073147','2022-05-16 16:21:29.073147'),(249,62,25,'2022-05-16 16:21:29.077023','2022-05-16 16:21:29.077023'),(250,62,26,'2022-05-16 16:21:29.080994','2022-05-16 16:21:29.080994'),(251,62,12,'2022-05-16 16:21:29.084905','2022-05-16 16:21:29.084905'),(252,62,11,'2022-05-16 16:21:29.089121','2022-05-16 16:21:29.089121'),(253,63,26,'2022-05-16 16:21:29.092785','2022-05-16 16:21:29.092785'),(254,63,27,'2022-05-16 16:21:29.096460','2022-05-16 16:21:29.096460'),(255,63,20,'2022-05-16 16:21:29.101038','2022-05-16 16:21:29.101038'),(256,63,19,'2022-05-16 16:21:29.109409','2022-05-16 16:21:29.109409'),(257,64,27,'2022-05-16 16:21:29.114772','2022-05-16 16:21:29.114772'),(258,64,26,'2022-05-16 16:21:29.118886','2022-05-16 16:21:29.118886'),(259,64,13,'2022-05-16 16:21:29.124464','2022-05-16 16:21:29.124464'),(260,64,14,'2022-05-16 16:21:29.130389','2022-05-16 16:21:29.130389'),(261,65,25,'2022-05-16 16:21:29.134852','2022-05-16 16:21:29.134852'),(262,65,27,'2022-05-16 16:21:29.138128','2022-05-16 16:21:29.138128'),(263,65,41,'2022-05-16 16:21:29.141273','2022-05-16 16:21:29.141273'),(264,65,42,'2022-05-16 16:21:29.143897','2022-05-16 16:21:29.143897'),(265,66,25,'2022-05-16 16:21:29.148990','2022-05-16 16:21:29.148990'),(266,66,28,'2022-05-16 16:21:29.152738','2022-05-16 16:21:29.152738'),(267,66,45,'2022-05-16 16:21:29.156388','2022-05-16 16:21:29.156388'),(268,66,48,'2022-05-16 16:21:29.159951','2022-05-16 16:21:29.159951'),(269,67,26,'2022-05-16 16:21:29.163900','2022-05-16 16:21:29.163900'),(270,67,27,'2022-05-16 16:21:29.167725','2022-05-16 16:21:29.167725'),(271,67,37,'2022-05-16 16:21:29.171382','2022-05-16 16:21:29.171382'),(272,67,38,'2022-05-16 16:21:29.174700','2022-05-16 16:21:29.174700'),(273,68,26,'2022-05-16 16:21:29.177878','2022-05-16 16:21:29.177878'),(274,68,27,'2022-05-16 16:21:29.181097','2022-05-16 16:21:29.181097'),(275,68,33,'2022-05-16 16:21:29.184387','2022-05-16 16:21:29.184387'),(276,68,34,'2022-05-16 16:21:29.187927','2022-05-16 16:21:29.187927'),(277,69,25,'2022-05-16 16:21:29.191985','2022-05-16 16:21:29.191985'),(278,69,28,'2022-05-16 16:21:29.196111','2022-05-16 16:21:29.196111'),(279,69,36,'2022-05-16 16:21:29.199791','2022-05-16 16:21:29.199791'),(280,69,35,'2022-05-16 16:21:29.203567','2022-05-16 16:21:29.203567'),(281,70,26,'2022-05-16 16:21:29.207635','2022-05-16 16:21:29.207635'),(282,70,27,'2022-05-16 16:21:29.211323','2022-05-16 16:21:29.211323'),(283,70,32,'2022-05-16 16:21:29.214777','2022-05-16 16:21:29.214777'),(284,70,31,'2022-05-16 16:21:29.220729','2022-05-16 16:21:29.220729'),(285,71,29,'2022-05-16 16:21:29.224793','2022-05-16 16:21:29.224793'),(286,71,30,'2022-05-16 16:21:29.228076','2022-05-16 16:21:29.228076'),(287,71,33,'2022-05-16 16:21:29.231444','2022-05-16 16:21:29.231444'),(288,71,34,'2022-05-16 16:21:29.234888','2022-05-16 16:21:29.234888'),(289,72,29,'2022-05-16 16:21:29.239964','2022-05-16 16:21:29.239964'),(290,72,30,'2022-05-16 16:21:29.244629','2022-05-16 16:21:29.244629'),(291,72,35,'2022-05-16 16:21:29.248796','2022-05-16 16:21:29.248796'),(292,72,36,'2022-05-16 16:21:29.252991','2022-05-16 16:21:29.252991'),(293,73,29,'2022-05-16 16:21:29.256654','2022-05-16 16:21:29.256654'),(294,73,30,'2022-05-16 16:21:29.260669','2022-05-16 16:21:29.260669'),(295,73,34,'2022-05-16 16:21:29.264522','2022-05-16 16:21:29.264522'),(296,73,36,'2022-05-16 16:21:29.267637','2022-05-16 16:21:29.267637'),(297,74,29,'2022-05-16 16:21:29.270862','2022-05-16 16:21:29.270862'),(298,74,30,'2022-05-16 16:21:29.274482','2022-05-16 16:21:29.274482'),(299,74,19,'2022-05-16 16:21:29.278408','2022-05-16 16:21:29.278408'),(300,74,20,'2022-05-16 16:21:29.282267','2022-05-16 16:21:29.282267'),(301,75,29,'2022-05-16 16:21:29.285491','2022-05-16 16:21:29.285491'),(302,75,30,'2022-05-16 16:21:29.288885','2022-05-16 16:21:29.288885'),(303,75,17,'2022-05-16 16:21:29.293155','2022-05-16 16:21:29.293155'),(304,75,20,'2022-05-16 16:21:29.297345','2022-05-16 16:21:29.297345'),(305,76,30,'2022-05-16 16:21:29.321616','2022-05-16 16:21:29.321616'),(306,76,31,'2022-05-16 16:21:29.326999','2022-05-16 16:21:29.326999'),(307,76,17,'2022-05-16 16:21:29.330948','2022-05-16 16:21:29.330948'),(308,76,19,'2022-05-16 16:21:29.334935','2022-05-16 16:21:29.334935'),(309,77,30,'2022-05-16 16:21:29.339007','2022-05-16 16:21:29.339007'),(310,77,31,'2022-05-16 16:21:29.343244','2022-05-16 16:21:29.343244'),(311,77,11,'2022-05-16 16:21:29.346866','2022-05-16 16:21:29.346866'),(312,77,12,'2022-05-16 16:21:29.350726','2022-05-16 16:21:29.350726'),(313,78,31,'2022-05-16 16:21:29.355287','2022-05-16 16:21:29.355287'),(314,78,30,'2022-05-16 16:21:29.359209','2022-05-16 16:21:29.359209'),(315,78,9,'2022-05-16 16:21:29.362440','2022-05-16 16:21:29.362440'),(316,78,10,'2022-05-16 16:21:29.365573','2022-05-16 16:21:29.365573'),(317,79,31,'2022-05-16 16:21:29.368958','2022-05-16 16:21:29.368958'),(318,79,29,'2022-05-16 16:21:29.372455','2022-05-16 16:21:29.372455'),(319,79,25,'2022-05-16 16:21:29.376597','2022-05-16 16:21:29.376597'),(320,79,28,'2022-05-16 16:21:29.379758','2022-05-16 16:21:29.379758'),(321,80,29,'2022-05-16 16:21:29.382778','2022-05-16 16:21:29.382778'),(322,80,32,'2022-05-16 16:21:29.386632','2022-05-16 16:21:29.386632'),(323,80,27,'2022-05-16 16:21:29.390063','2022-05-16 16:21:29.390063'),(324,80,26,'2022-05-16 16:21:29.393349','2022-05-16 16:21:29.393349'),(325,81,33,'2022-05-16 16:21:29.397184','2022-05-16 16:21:29.397184'),(326,81,34,'2022-05-16 16:21:29.400986','2022-05-16 16:21:29.400986'),(327,81,37,'2022-05-16 16:21:29.404276','2022-05-16 16:21:29.404276'),(328,81,38,'2022-05-16 16:21:29.408361','2022-05-16 16:21:29.408361'),(329,82,35,'2022-05-16 16:21:29.413399','2022-05-16 16:21:29.413399'),(330,82,36,'2022-05-16 16:21:29.417455','2022-05-16 16:21:29.417455'),(331,82,39,'2022-05-16 16:21:29.420932','2022-05-16 16:21:29.420932'),(332,82,40,'2022-05-16 16:21:29.424739','2022-05-16 16:21:29.424739'),(333,83,33,'2022-05-16 16:21:29.431222','2022-05-16 16:21:29.431222'),(334,83,36,'2022-05-16 16:21:29.434981','2022-05-16 16:21:29.434981'),(335,83,43,'2022-05-16 16:21:29.439473','2022-05-16 16:21:29.439473'),(336,83,44,'2022-05-16 16:21:29.443380','2022-05-16 16:21:29.443380'),(337,84,33,'2022-05-16 16:21:29.447053','2022-05-16 16:21:29.447053'),(338,84,36,'2022-05-16 16:21:29.451276','2022-05-16 16:21:29.451276'),(339,84,41,'2022-05-16 16:21:29.455194','2022-05-16 16:21:29.455194'),(340,84,42,'2022-05-16 16:21:29.459240','2022-05-16 16:21:29.459240'),(341,85,33,'2022-05-16 16:21:29.462712','2022-05-16 16:21:29.462712'),(342,85,36,'2022-05-16 16:21:29.466163','2022-05-16 16:21:29.466163'),(343,85,47,'2022-05-16 16:21:29.470535','2022-05-16 16:21:29.470535'),(344,85,48,'2022-05-16 16:21:29.474625','2022-05-16 16:21:29.474625'),(345,86,33,'2022-05-16 16:21:29.478104','2022-05-16 16:21:29.478104'),(346,86,36,'2022-05-16 16:21:29.481093','2022-05-16 16:21:29.481093'),(347,86,45,'2022-05-16 16:21:29.484825','2022-05-16 16:21:29.484825'),(348,86,46,'2022-05-16 16:21:29.489734','2022-05-16 16:21:29.489734'),(349,87,34,'2022-05-16 16:21:29.494401','2022-05-16 16:21:29.494401'),(350,87,35,'2022-05-16 16:21:29.497924','2022-05-16 16:21:29.497924'),(351,87,45,'2022-05-16 16:21:29.501557','2022-05-16 16:21:29.501557'),(352,87,47,'2022-05-16 16:21:29.505804','2022-05-16 16:21:29.505804'),(353,88,34,'2022-05-16 16:21:29.511169','2022-05-16 16:21:29.511169'),(354,88,35,'2022-05-16 16:21:29.516001','2022-05-16 16:21:29.516001'),(355,88,45,'2022-05-16 16:21:29.520697','2022-05-16 16:21:29.520697'),(356,88,47,'2022-05-16 16:21:29.524647','2022-05-16 16:21:29.524647'),(357,89,33,'2022-05-16 16:21:29.528237','2022-05-16 16:21:29.528237'),(358,89,35,'2022-05-16 16:21:29.531810','2022-05-16 16:21:29.531810'),(359,89,13,'2022-05-16 16:21:29.535460','2022-05-16 16:21:29.535460'),(360,89,16,'2022-05-16 16:21:29.539708','2022-05-16 16:21:29.539708'),(361,90,33,'2022-05-16 16:21:29.543854','2022-05-16 16:21:29.543854'),(362,90,36,'2022-05-16 16:21:29.548105','2022-05-16 16:21:29.548105'),(363,90,13,'2022-05-16 16:21:29.552093','2022-05-16 16:21:29.552093'),(364,90,16,'2022-05-16 16:21:29.555536','2022-05-16 16:21:29.555536'),(365,91,37,'2022-05-16 16:21:29.559568','2022-05-16 16:21:29.559568'),(366,91,38,'2022-05-16 16:21:29.563454','2022-05-16 16:21:29.563454'),(367,91,33,'2022-05-16 16:21:29.566901','2022-05-16 16:21:29.566901'),(368,91,36,'2022-05-16 16:21:29.570524','2022-05-16 16:21:29.570524'),(369,92,37,'2022-05-16 16:21:29.574082','2022-05-16 16:21:29.574082'),(370,92,39,'2022-05-16 16:21:29.577400','2022-05-16 16:21:29.577400'),(371,92,34,'2022-05-16 16:21:29.581043','2022-05-16 16:21:29.581043'),(372,92,35,'2022-05-16 16:21:29.584917','2022-05-16 16:21:29.584917'),(373,93,38,'2022-05-16 16:21:29.588411','2022-05-16 16:21:29.588411'),(374,93,39,'2022-05-16 16:21:29.591599','2022-05-16 16:21:29.591599'),(375,93,33,'2022-05-16 16:21:29.594936','2022-05-16 16:21:29.594936'),(376,93,36,'2022-05-16 16:21:29.597965','2022-05-16 16:21:29.597965'),(377,94,39,'2022-05-16 16:21:29.601172','2022-05-16 16:21:29.601172'),(378,94,38,'2022-05-16 16:21:29.604006','2022-05-16 16:21:29.604006'),(379,94,47,'2022-05-16 16:21:29.606906','2022-05-16 16:21:29.606906'),(380,94,48,'2022-05-16 16:21:29.610165','2022-05-16 16:21:29.610165'),(381,95,37,'2022-05-16 16:21:29.613682','2022-05-16 16:21:29.613682'),(382,95,38,'2022-05-16 16:21:29.618202','2022-05-16 16:21:29.618202'),(383,95,45,'2022-05-16 16:21:29.622295','2022-05-16 16:21:29.622295'),(384,95,46,'2022-05-16 16:21:29.626410','2022-05-16 16:21:29.626410'),(385,96,37,'2022-05-16 16:21:29.629937','2022-05-16 16:21:29.629937'),(386,96,38,'2022-05-16 16:21:29.633383','2022-05-16 16:21:29.633383'),(387,96,45,'2022-05-16 16:21:29.637413','2022-05-16 16:21:29.637413'),(388,96,47,'2022-05-16 16:21:29.641320','2022-05-16 16:21:29.641320'),(389,97,37,'2022-05-16 16:21:29.644691','2022-05-16 16:21:29.644691'),(390,97,40,'2022-05-16 16:21:29.647916','2022-05-16 16:21:29.647916'),(391,97,47,'2022-05-16 16:21:29.651657','2022-05-16 16:21:29.651657'),(392,97,48,'2022-05-16 16:21:29.655840','2022-05-16 16:21:29.655840'),(393,98,37,'2022-05-16 16:21:29.659431','2022-05-16 16:21:29.659431'),(394,98,38,'2022-05-16 16:21:29.663238','2022-05-16 16:21:29.663238'),(395,98,12,'2022-05-16 16:21:29.666294','2022-05-16 16:21:29.666294'),(396,98,11,'2022-05-16 16:21:29.670312','2022-05-16 16:21:29.670312'),(397,99,40,'2022-05-16 16:21:29.674065','2022-05-16 16:21:29.674065'),(398,99,39,'2022-05-16 16:21:29.677731','2022-05-16 16:21:29.677731'),(399,99,45,'2022-05-16 16:21:29.681516','2022-05-16 16:21:29.681516'),(400,99,48,'2022-05-16 16:21:29.709238','2022-05-16 16:21:29.709238'),(401,100,37,'2022-05-16 16:21:29.713782','2022-05-16 16:21:29.713782'),(402,100,38,'2022-05-16 16:21:29.717641','2022-05-16 16:21:29.717641'),(403,100,45,'2022-05-16 16:21:29.721081','2022-05-16 16:21:29.721081'),(404,100,47,'2022-05-16 16:21:29.724535','2022-05-16 16:21:29.724535'),(405,101,41,'2022-05-16 16:21:29.728754','2022-05-16 16:21:29.728754'),(406,101,42,'2022-05-16 16:21:29.732318','2022-05-16 16:21:29.732318'),(407,101,16,'2022-05-16 16:21:29.735749','2022-05-16 16:21:29.735749'),(408,101,15,'2022-05-16 16:21:29.739284','2022-05-16 16:21:29.739284'),(409,102,43,'2022-05-16 16:21:29.743152','2022-05-16 16:21:29.743152'),(410,102,44,'2022-05-16 16:21:29.747333','2022-05-16 16:21:29.747333'),(411,102,14,'2022-05-16 16:21:29.750926','2022-05-16 16:21:29.750926'),(412,102,13,'2022-05-16 16:21:29.754472','2022-05-16 16:21:29.754472'),(413,103,42,'2022-05-16 16:21:29.758194','2022-05-16 16:21:29.758194'),(414,103,43,'2022-05-16 16:21:29.761398','2022-05-16 16:21:29.761398'),(415,103,16,'2022-05-16 16:21:29.764473','2022-05-16 16:21:29.764473'),(416,103,14,'2022-05-16 16:21:29.768084','2022-05-16 16:21:29.768084'),(417,104,42,'2022-05-16 16:21:29.770994','2022-05-16 16:21:29.770994'),(418,104,43,'2022-05-16 16:21:29.773673','2022-05-16 16:21:29.773673'),(419,104,13,'2022-05-16 16:21:29.776739','2022-05-16 16:21:29.776739'),(420,104,16,'2022-05-16 16:21:29.779738','2022-05-16 16:21:29.779738'),(421,105,41,'2022-05-16 16:21:29.784576','2022-05-16 16:21:29.784576'),(422,105,44,'2022-05-16 16:21:29.787493','2022-05-16 16:21:29.787493'),(423,105,5,'2022-05-16 16:21:29.791489','2022-05-16 16:21:29.791489'),(424,105,6,'2022-05-16 16:21:29.794991','2022-05-16 16:21:29.794991'),(425,106,44,'2022-05-16 16:21:29.798035','2022-05-16 16:21:29.798035'),(426,106,42,'2022-05-16 16:21:29.801291','2022-05-16 16:21:29.801291'),(427,106,5,'2022-05-16 16:21:29.804527','2022-05-16 16:21:29.804527'),(428,106,8,'2022-05-16 16:21:29.807402','2022-05-16 16:21:29.807402'),(429,107,42,'2022-05-16 16:21:29.810175','2022-05-16 16:21:29.810175'),(430,107,44,'2022-05-16 16:21:29.813121','2022-05-16 16:21:29.813121'),(431,107,7,'2022-05-16 16:21:29.815892','2022-05-16 16:21:29.815892'),(432,107,6,'2022-05-16 16:21:29.818665','2022-05-16 16:21:29.818665'),(433,108,44,'2022-05-16 16:21:29.822578','2022-05-16 16:21:29.822578'),(434,108,41,'2022-05-16 16:21:29.826955','2022-05-16 16:21:29.826955'),(435,108,5,'2022-05-16 16:21:29.830139','2022-05-16 16:21:29.830139'),(436,108,6,'2022-05-16 16:21:29.833881','2022-05-16 16:21:29.833881'),(437,109,42,'2022-05-16 16:21:29.837274','2022-05-16 16:21:29.837274'),(438,109,43,'2022-05-16 16:21:29.840954','2022-05-16 16:21:29.840954'),(439,109,33,'2022-05-16 16:21:29.844699','2022-05-16 16:21:29.844699'),(440,109,36,'2022-05-16 16:21:29.848365','2022-05-16 16:21:29.848365'),(441,110,42,'2022-05-16 16:21:29.853266','2022-05-16 16:21:29.853266'),(442,110,44,'2022-05-16 16:21:29.857870','2022-05-16 16:21:29.857870'),(443,110,33,'2022-05-16 16:21:29.862560','2022-05-16 16:21:29.862560'),(444,110,34,'2022-05-16 16:21:29.866556','2022-05-16 16:21:29.866556'),(445,111,45,'2022-05-16 16:21:29.870733','2022-05-16 16:21:29.870733'),(446,111,46,'2022-05-16 16:21:29.875306','2022-05-16 16:21:29.875306'),(447,111,36,'2022-05-16 16:21:29.879210','2022-05-16 16:21:29.879210'),(448,111,35,'2022-05-16 16:21:29.886357','2022-05-16 16:21:29.886357'),(449,112,47,'2022-05-16 16:21:29.890166','2022-05-16 16:21:29.890166'),(450,112,48,'2022-05-16 16:21:29.920115','2022-05-16 16:21:29.920115'),(451,112,33,'2022-05-16 16:21:29.924625','2022-05-16 16:21:29.924625'),(452,112,36,'2022-05-16 16:21:29.927581','2022-05-16 16:21:29.927581'),(453,113,45,'2022-05-16 16:21:29.930634','2022-05-16 16:21:29.930634'),(454,113,48,'2022-05-16 16:21:29.933734','2022-05-16 16:21:29.933734'),(455,113,34,'2022-05-16 16:21:29.937589','2022-05-16 16:21:29.937589'),(456,113,35,'2022-05-16 16:21:29.941392','2022-05-16 16:21:29.941392'),(457,114,46,'2022-05-16 16:21:29.944726','2022-05-16 16:21:29.944726'),(458,114,47,'2022-05-16 16:21:29.948312','2022-05-16 16:21:29.948312'),(459,114,33,'2022-05-16 16:21:29.952787','2022-05-16 16:21:29.952787'),(460,114,36,'2022-05-16 16:21:29.955735','2022-05-16 16:21:29.955735'),(461,115,48,'2022-05-16 16:21:29.959370','2022-05-16 16:21:29.959370'),(462,115,45,'2022-05-16 16:21:29.962981','2022-05-16 16:21:29.962981'),(463,115,27,'2022-05-16 16:21:29.966177','2022-05-16 16:21:29.966177'),(464,115,28,'2022-05-16 16:21:29.970129','2022-05-16 16:21:29.970129'),(465,116,45,'2022-05-16 16:21:29.973361','2022-05-16 16:21:29.973361'),(466,116,47,'2022-05-16 16:21:29.976157','2022-05-16 16:21:29.976157'),(467,116,32,'2022-05-16 16:21:29.979784','2022-05-16 16:21:29.979784'),(468,116,31,'2022-05-16 16:21:29.983173','2022-05-16 16:21:29.983173'),(469,117,47,'2022-05-16 16:21:29.986999','2022-05-16 16:21:29.986999'),(470,117,48,'2022-05-16 16:21:29.990728','2022-05-16 16:21:29.990728'),(471,117,29,'2022-05-16 16:21:29.994375','2022-05-16 16:21:29.994375'),(472,117,30,'2022-05-16 16:21:29.998227','2022-05-16 16:21:29.998227'),(473,118,45,'2022-05-16 16:21:30.001508','2022-05-16 16:21:30.001508'),(474,118,47,'2022-05-16 16:21:30.005352','2022-05-16 16:21:30.005352'),(475,118,37,'2022-05-16 16:21:30.009410','2022-05-16 16:21:30.009410'),(476,118,38,'2022-05-16 16:21:30.012956','2022-05-16 16:21:30.012956'),(477,119,48,'2022-05-16 16:21:30.015923','2022-05-16 16:21:30.015923'),(478,119,45,'2022-05-16 16:21:30.019491','2022-05-16 16:21:30.019491'),(479,119,37,'2022-05-16 16:21:30.023012','2022-05-16 16:21:30.023012'),(480,119,40,'2022-05-16 16:21:30.027082','2022-05-16 16:21:30.027082'),(481,120,45,'2022-05-16 16:21:30.030795','2022-05-16 16:21:30.030795'),(482,120,47,'2022-05-16 16:21:30.035137','2022-05-16 16:21:30.035137'),(483,120,41,'2022-05-16 16:21:30.038462','2022-05-16 16:21:30.038462'),(484,120,42,'2022-05-16 16:21:30.041957','2022-05-16 16:21:30.041957');
/*!40000 ALTER TABLE `influencer_hashtag` ENABLE KEYS */;
UNLOCK TABLES;

--
-- Table structure for table `influencer_image`
--

DROP TABLE IF EXISTS `influencer_image`;
/*!40101 SET @saved_cs_client     = @@character_set_client */;
/*!50503 SET character_set_client = utf8mb4 */;
CREATE TABLE `influencer_image` (
  `id` int NOT NULL AUTO_INCREMENT,
  `influencerID` int NOT NULL,
  `imageID` int NOT NULL,
  `created_at` datetime(6) NOT NULL DEFAULT CURRENT_TIMESTAMP(6),
  `updated_at` datetime(6) NOT NULL DEFAULT CURRENT_TIMESTAMP(6) ON UPDATE CURRENT_TIMESTAMP(6),
  PRIMARY KEY (`id`),
  KEY `FK_f347b8317dd5053510def3fbbda` (`influencerID`),
  KEY `FK_588e7eb221250ec980835e4a143` (`imageID`),
  CONSTRAINT `FK_588e7eb221250ec980835e4a143` FOREIGN KEY (`imageID`) REFERENCES `image` (`id`) ON DELETE CASCADE,
  CONSTRAINT `FK_f347b8317dd5053510def3fbbda` FOREIGN KEY (`influencerID`) REFERENCES `influencer` (`id`)
) ENGINE=InnoDB AUTO_INCREMENT=485 DEFAULT CHARSET=utf8mb4 COLLATE=utf8mb4_0900_ai_ci;
/*!40101 SET character_set_client = @saved_cs_client */;

--
-- Dumping data for table `influencer_image`
--

LOCK TABLES `influencer_image` WRITE;
/*!40000 ALTER TABLE `influencer_image` DISABLE KEYS */;
INSERT INTO `influencer_image` VALUES (1,1,1,'2022-05-16 17:43:40.590716','2022-05-16 17:43:40.590716'),(2,1,2,'2022-05-16 17:43:40.596089','2022-05-16 17:43:40.596089'),(3,1,5,'2022-05-16 17:43:40.599578','2022-05-16 17:43:40.599578'),(4,1,8,'2022-05-16 17:43:40.602679','2022-05-16 17:43:40.602679'),(9,2,1,'2022-05-16 17:43:40.605997','2022-05-16 17:43:40.605997'),(10,2,3,'2022-05-16 17:43:40.608912','2022-05-16 17:43:40.608912'),(11,2,48,'2022-05-16 17:43:40.612919','2022-05-16 17:43:40.612919'),(12,2,45,'2022-05-16 17:43:40.616838','2022-05-16 17:43:40.616838'),(13,3,2,'2022-05-16 17:43:40.620681','2022-05-16 17:43:40.620681'),(14,3,4,'2022-05-16 17:43:40.625248','2022-05-16 17:43:40.625248'),(15,3,6,'2022-05-16 17:43:40.629495','2022-05-16 17:43:40.629495'),(16,3,7,'2022-05-16 17:43:40.634084','2022-05-16 17:43:40.634084'),(17,4,1,'2022-05-16 17:43:40.639979','2022-05-16 17:43:40.639979'),(18,4,3,'2022-05-16 17:43:40.645084','2022-05-16 17:43:40.645084'),(19,4,8,'2022-05-16 17:43:40.665863','2022-05-16 17:43:40.665863'),(20,4,7,'2022-05-16 17:43:40.672560','2022-05-16 17:43:40.672560'),(21,5,4,'2022-05-16 17:43:40.676992','2022-05-16 17:43:40.676992'),(22,5,2,'2022-05-16 17:43:40.681072','2022-05-16 17:43:40.681072'),(23,5,29,'2022-05-16 17:43:40.685448','2022-05-16 17:43:40.685448'),(24,5,30,'2022-05-16 17:43:40.689984','2022-05-16 17:43:40.689984'),(25,6,3,'2022-05-16 17:43:40.693839','2022-05-16 17:43:40.693839'),(26,6,4,'2022-05-16 17:43:40.698199','2022-05-16 17:43:40.698199'),(27,6,45,'2022-05-16 17:43:40.702698','2022-05-16 17:43:40.702698'),(28,6,46,'2022-05-16 17:43:40.707413','2022-05-16 17:43:40.707413'),(29,7,2,'2022-05-16 17:43:40.712081','2022-05-16 17:43:40.712081'),(30,7,3,'2022-05-16 17:43:40.717800','2022-05-16 17:43:40.717800'),(31,7,25,'2022-05-16 17:43:40.722544','2022-05-16 17:43:40.722544'),(32,7,26,'2022-05-16 17:43:40.727391','2022-05-16 17:43:40.727391'),(33,8,1,'2022-05-16 17:43:40.731857','2022-05-16 17:43:40.731857'),(34,8,4,'2022-05-16 17:43:40.736434','2022-05-16 17:43:40.736434'),(35,8,17,'2022-05-16 17:43:40.741392','2022-05-16 17:43:40.741392'),(36,8,19,'2022-05-16 17:43:40.745454','2022-05-16 17:43:40.745454'),(37,9,3,'2022-05-16 17:43:40.749900','2022-05-16 17:43:40.749900'),(38,9,4,'2022-05-16 17:43:40.754031','2022-05-16 17:43:40.754031'),(39,9,10,'2022-05-16 17:43:40.758257','2022-05-16 17:43:40.758257'),(40,9,11,'2022-05-16 17:43:40.766244','2022-05-16 17:43:40.766244'),(41,10,2,'2022-05-16 17:43:40.771600','2022-05-16 17:43:40.771600'),(42,10,3,'2022-05-16 17:43:40.776411','2022-05-16 17:43:40.776411'),(43,10,9,'2022-05-16 17:43:40.781112','2022-05-16 17:43:40.781112'),(44,10,12,'2022-05-16 17:43:40.786479','2022-05-16 17:43:40.786479'),(45,11,5,'2022-05-16 17:43:40.791624','2022-05-16 17:43:40.791624'),(46,11,6,'2022-05-16 17:43:40.795828','2022-05-16 17:43:40.795828'),(47,11,3,'2022-05-16 17:43:40.799792','2022-05-16 17:43:40.799792'),(48,11,4,'2022-05-16 17:43:40.803518','2022-05-16 17:43:40.803518'),(49,12,7,'2022-05-16 17:43:40.807212','2022-05-16 17:43:40.807212'),(50,12,8,'2022-05-16 17:43:40.811991','2022-05-16 17:43:40.811991'),(51,12,16,'2022-05-16 17:43:40.817068','2022-05-16 17:43:40.817068'),(52,12,13,'2022-05-16 17:43:40.821388','2022-05-16 17:43:40.821388'),(53,13,7,'2022-05-16 17:43:40.826261','2022-05-16 17:43:40.826261'),(54,13,5,'2022-05-16 17:43:40.830574','2022-05-16 17:43:40.830574'),(55,13,13,'2022-05-16 17:43:40.835170','2022-05-16 17:43:40.835170'),(56,13,14,'2022-05-16 17:43:40.839559','2022-05-16 17:43:40.839559'),(57,14,6,'2022-05-16 17:43:40.843966','2022-05-16 17:43:40.843966'),(58,14,7,'2022-05-16 17:43:40.849865','2022-05-16 17:43:40.849865'),(59,14,15,'2022-05-16 17:43:40.854380','2022-05-16 17:43:40.854380'),(60,14,13,'2022-05-16 17:43:40.859044','2022-05-16 17:43:40.859044'),(61,15,5,'2022-05-16 17:43:40.864856','2022-05-16 17:43:40.864856'),(62,15,8,'2022-05-16 17:43:40.869765','2022-05-16 17:43:40.869765'),(63,15,20,'2022-05-16 17:43:40.874614','2022-05-16 17:43:40.874614'),(64,15,19,'2022-05-16 17:43:40.879524','2022-05-16 17:43:40.879524'),(65,16,7,'2022-05-16 17:43:40.884107','2022-05-16 17:43:40.884107'),(66,16,5,'2022-05-16 17:43:40.891383','2022-05-16 17:43:40.891383'),(67,16,17,'2022-05-16 17:43:40.895143','2022-05-16 17:43:40.895143'),(68,16,18,'2022-05-16 17:43:40.899551','2022-05-16 17:43:40.899551'),(69,17,5,'2022-05-16 17:43:40.904642','2022-05-16 17:43:40.904642'),(70,17,7,'2022-05-16 17:43:40.910157','2022-05-16 17:43:40.910157'),(71,17,1,'2022-05-16 17:43:40.913470','2022-05-16 17:43:40.913470'),(72,17,2,'2022-05-16 17:43:40.917241','2022-05-16 17:43:40.917241'),(73,18,8,'2022-05-16 17:43:40.921066','2022-05-16 17:43:40.921066'),(74,18,6,'2022-05-16 17:43:40.925874','2022-05-16 17:43:40.925874'),(75,18,2,'2022-05-16 17:43:40.929509','2022-05-16 17:43:40.929509'),(76,18,3,'2022-05-16 17:43:40.932696','2022-05-16 17:43:40.932696'),(77,19,5,'2022-05-16 17:43:40.936421','2022-05-16 17:43:40.936421'),(78,19,6,'2022-05-16 17:43:40.939973','2022-05-16 17:43:40.939973'),(79,19,16,'2022-05-16 17:43:40.943331','2022-05-16 17:43:40.943331'),(80,19,15,'2022-05-16 17:43:40.946696','2022-05-16 17:43:40.946696'),(81,20,6,'2022-05-16 17:43:40.950141','2022-05-16 17:43:40.950141'),(82,20,7,'2022-05-16 17:43:40.953373','2022-05-16 17:43:40.953373'),(83,20,13,'2022-05-16 17:43:40.957060','2022-05-16 17:43:40.957060'),(84,20,14,'2022-05-16 17:43:40.960528','2022-05-16 17:43:40.960528'),(85,21,11,'2022-05-16 17:43:40.964092','2022-05-16 17:43:40.964092'),(86,21,12,'2022-05-16 17:43:40.968048','2022-05-16 17:43:40.968048'),(87,21,17,'2022-05-16 17:43:40.972249','2022-05-16 17:43:40.972249'),(88,21,20,'2022-05-16 17:43:40.976204','2022-05-16 17:43:40.976204'),(89,22,9,'2022-05-16 17:43:40.980061','2022-05-16 17:43:40.980061'),(90,22,10,'2022-05-16 17:43:40.983947','2022-05-16 17:43:40.983947'),(91,22,17,'2022-05-16 17:43:40.989271','2022-05-16 17:43:40.989271'),(92,22,18,'2022-05-16 17:43:40.993317','2022-05-16 17:43:40.993317'),(93,23,10,'2022-05-16 17:43:40.997211','2022-05-16 17:43:40.997211'),(94,23,11,'2022-05-16 17:43:41.000933','2022-05-16 17:43:41.000933'),(95,23,18,'2022-05-16 17:43:41.004584','2022-05-16 17:43:41.004584'),(96,23,19,'2022-05-16 17:43:41.008774','2022-05-16 17:43:41.008774'),(97,24,10,'2022-05-16 17:43:41.012345','2022-05-16 17:43:41.012345'),(98,24,12,'2022-05-16 17:43:41.016037','2022-05-16 17:43:41.016037'),(99,24,17,'2022-05-16 17:43:41.019856','2022-05-16 17:43:41.019856'),(100,24,20,'2022-05-16 17:43:41.023832','2022-05-16 17:43:41.023832'),(101,25,9,'2022-05-16 17:43:41.027751','2022-05-16 17:43:41.027751'),(102,25,11,'2022-05-16 17:43:41.031614','2022-05-16 17:43:41.031614'),(103,25,20,'2022-05-16 17:43:41.077783','2022-05-16 17:43:41.077783'),(104,25,19,'2022-05-16 17:43:41.093377','2022-05-16 17:43:41.093377'),(105,26,11,'2022-05-16 17:43:41.097555','2022-05-16 17:43:41.097555'),(106,26,12,'2022-05-16 17:43:41.101543','2022-05-16 17:43:41.101543'),(107,26,45,'2022-05-16 17:43:41.105101','2022-05-16 17:43:41.105101'),(108,26,46,'2022-05-16 17:43:41.108905','2022-05-16 17:43:41.108905'),(109,27,12,'2022-05-16 17:43:41.112935','2022-05-16 17:43:41.112935'),(110,27,11,'2022-05-16 17:43:41.116123','2022-05-16 17:43:41.116123'),(111,27,1,'2022-05-16 17:43:41.120272','2022-05-16 17:43:41.120272'),(112,27,3,'2022-05-16 17:43:41.124260','2022-05-16 17:43:41.124260'),(113,28,9,'2022-05-16 17:43:41.127535','2022-05-16 17:43:41.127535'),(114,28,10,'2022-05-16 17:43:41.130900','2022-05-16 17:43:41.130900'),(115,28,45,'2022-05-16 17:43:41.134085','2022-05-16 17:43:41.134085'),(116,28,47,'2022-05-16 17:43:41.137302','2022-05-16 17:43:41.137302'),(117,29,11,'2022-05-16 17:43:41.140621','2022-05-16 17:43:41.140621'),(118,29,12,'2022-05-16 17:43:41.143706','2022-05-16 17:43:41.143706'),(119,29,2,'2022-05-16 17:43:41.147013','2022-05-16 17:43:41.147013'),(120,29,3,'2022-05-16 17:43:41.149895','2022-05-16 17:43:41.149895'),(121,30,9,'2022-05-16 17:43:41.152811','2022-05-16 17:43:41.152811'),(122,30,10,'2022-05-16 17:43:41.155784','2022-05-16 17:43:41.155784'),(123,30,3,'2022-05-16 17:43:41.158667','2022-05-16 17:43:41.158667'),(124,30,4,'2022-05-16 17:43:41.161188','2022-05-16 17:43:41.161188'),(125,31,16,'2022-05-16 17:43:41.164030','2022-05-16 17:43:41.164030'),(126,31,15,'2022-05-16 17:43:41.167368','2022-05-16 17:43:41.167368'),(127,31,17,'2022-05-16 17:43:41.170993','2022-05-16 17:43:41.170993'),(128,31,20,'2022-05-16 17:43:41.174369','2022-05-16 17:43:41.174369'),(129,32,14,'2022-05-16 17:43:41.177542','2022-05-16 17:43:41.177542'),(130,32,13,'2022-05-16 17:43:41.180701','2022-05-16 17:43:41.180701'),(131,32,18,'2022-05-16 17:43:41.184787','2022-05-16 17:43:41.184787'),(132,32,19,'2022-05-16 17:43:41.188129','2022-05-16 17:43:41.188129'),(133,33,13,'2022-05-16 17:43:41.191885','2022-05-16 17:43:41.191885'),(134,33,15,'2022-05-16 17:43:41.195351','2022-05-16 17:43:41.195351'),(135,33,20,'2022-05-16 17:43:41.199132','2022-05-16 17:43:41.199132'),(136,33,19,'2022-05-16 17:43:41.202557','2022-05-16 17:43:41.202557'),(137,34,14,'2022-05-16 17:43:41.206025','2022-05-16 17:43:41.206025'),(138,34,16,'2022-05-16 17:43:41.209253','2022-05-16 17:43:41.209253'),(139,34,8,'2022-05-16 17:43:41.212573','2022-05-16 17:43:41.212573'),(140,34,7,'2022-05-16 17:43:41.216261','2022-05-16 17:43:41.216261'),(141,35,16,'2022-05-16 17:43:41.219972','2022-05-16 17:43:41.219972'),(142,35,14,'2022-05-16 17:43:41.224117','2022-05-16 17:43:41.224117'),(143,35,5,'2022-05-16 17:43:41.227403','2022-05-16 17:43:41.227403'),(144,35,6,'2022-05-16 17:43:41.230943','2022-05-16 17:43:41.230943'),(145,36,14,'2022-05-16 17:43:41.235685','2022-05-16 17:43:41.235685'),(146,36,15,'2022-05-16 17:43:41.240261','2022-05-16 17:43:41.240261'),(147,36,5,'2022-05-16 17:43:41.244496','2022-05-16 17:43:41.244496'),(148,36,8,'2022-05-16 17:43:41.247740','2022-05-16 17:43:41.247740'),(149,37,13,'2022-05-16 17:43:41.251108','2022-05-16 17:43:41.251108'),(150,37,14,'2022-05-16 17:43:41.255284','2022-05-16 17:43:41.255284'),(151,37,43,'2022-05-16 17:43:41.259693','2022-05-16 17:43:41.259693'),(152,37,44,'2022-05-16 17:43:41.262836','2022-05-16 17:43:41.262836'),(153,38,14,'2022-05-16 17:43:41.266177','2022-05-16 17:43:41.266177'),(154,38,13,'2022-05-16 17:43:41.270559','2022-05-16 17:43:41.270559'),(155,38,41,'2022-05-16 17:43:41.274174','2022-05-16 17:43:41.274174'),(156,38,42,'2022-05-16 17:43:41.277665','2022-05-16 17:43:41.277665'),(157,39,16,'2022-05-16 17:43:41.281126','2022-05-16 17:43:41.281126'),(158,39,15,'2022-05-16 17:43:41.284562','2022-05-16 17:43:41.284562'),(159,39,43,'2022-05-16 17:43:41.287821','2022-05-16 17:43:41.287821'),(160,39,41,'2022-05-16 17:43:41.291127','2022-05-16 17:43:41.291127'),(161,40,14,'2022-05-16 17:43:41.294740','2022-05-16 17:43:41.294740'),(162,40,13,'2022-05-16 17:43:41.298340','2022-05-16 17:43:41.298340'),(163,40,21,'2022-05-16 17:43:41.302305','2022-05-16 17:43:41.302305'),(164,40,24,'2022-05-16 17:43:41.306156','2022-05-16 17:43:41.306156'),(165,41,17,'2022-05-16 17:43:41.310096','2022-05-16 17:43:41.310096'),(166,41,18,'2022-05-16 17:43:41.314214','2022-05-16 17:43:41.314214'),(167,41,1,'2022-05-16 17:43:41.318152','2022-05-16 17:43:41.318152'),(168,41,2,'2022-05-16 17:43:41.321967','2022-05-16 17:43:41.321967'),(169,42,20,'2022-05-16 17:43:41.326065','2022-05-16 17:43:41.326065'),(170,42,17,'2022-05-16 17:43:41.330127','2022-05-16 17:43:41.330127'),(171,42,2,'2022-05-16 17:43:41.334112','2022-05-16 17:43:41.334112'),(172,42,3,'2022-05-16 17:43:41.338270','2022-05-16 17:43:41.338270'),(173,43,19,'2022-05-16 17:43:41.342604','2022-05-16 17:43:41.342604'),(174,43,18,'2022-05-16 17:43:41.347085','2022-05-16 17:43:41.347085'),(175,43,10,'2022-05-16 17:43:41.351503','2022-05-16 17:43:41.351503'),(176,43,11,'2022-05-16 17:43:41.355685','2022-05-16 17:43:41.355685'),(177,44,17,'2022-05-16 17:43:41.359794','2022-05-16 17:43:41.359794'),(178,44,18,'2022-05-16 17:43:41.363555','2022-05-16 17:43:41.363555'),(179,44,11,'2022-05-16 17:43:41.367572','2022-05-16 17:43:41.367572'),(180,44,12,'2022-05-16 17:43:41.371531','2022-05-16 17:43:41.371531'),(181,45,17,'2022-05-16 17:43:41.375914','2022-05-16 17:43:41.375914'),(182,45,20,'2022-05-16 17:43:41.379699','2022-05-16 17:43:41.379699'),(183,45,13,'2022-05-16 17:43:41.383251','2022-05-16 17:43:41.383251'),(184,45,16,'2022-05-16 17:43:41.386914','2022-05-16 17:43:41.386914'),(185,46,18,'2022-05-16 17:43:41.391558','2022-05-16 17:43:41.391558'),(186,46,20,'2022-05-16 17:43:41.396500','2022-05-16 17:43:41.396500'),(187,46,13,'2022-05-16 17:43:41.400412','2022-05-16 17:43:41.400412'),(188,46,16,'2022-05-16 17:43:41.404831','2022-05-16 17:43:41.404831'),(189,47,17,'2022-05-16 17:43:41.408754','2022-05-16 17:43:41.408754'),(190,47,20,'2022-05-16 17:43:41.433685','2022-05-16 17:43:41.433685'),(191,47,32,'2022-05-16 17:43:41.442039','2022-05-16 17:43:41.442039'),(192,47,31,'2022-05-16 17:43:41.465341','2022-05-16 17:43:41.465341'),(193,48,17,'2022-05-16 17:43:41.470043','2022-05-16 17:43:41.470043'),(194,48,20,'2022-05-16 17:43:41.473798','2022-05-16 17:43:41.473798'),(195,48,29,'2022-05-16 17:43:41.477415','2022-05-16 17:43:41.477415'),(196,48,30,'2022-05-16 17:43:41.481040','2022-05-16 17:43:41.481040'),(197,49,18,'2022-05-16 17:43:41.484641','2022-05-16 17:43:41.484641'),(198,49,20,'2022-05-16 17:43:41.488185','2022-05-16 17:43:41.488185'),(199,49,10,'2022-05-16 17:43:41.492325','2022-05-16 17:43:41.492325'),(200,49,12,'2022-05-16 17:43:41.495626','2022-05-16 17:43:41.495626'),(201,50,19,'2022-05-16 17:43:41.498861','2022-05-16 17:43:41.498861'),(202,50,20,'2022-05-16 17:43:41.502702','2022-05-16 17:43:41.502702'),(203,50,9,'2022-05-16 17:43:41.506601','2022-05-16 17:43:41.506601'),(204,50,10,'2022-05-16 17:43:41.510307','2022-05-16 17:43:41.510307'),(205,51,21,'2022-05-16 17:43:41.513607','2022-05-16 17:43:41.513607'),(206,51,22,'2022-05-16 17:43:41.517575','2022-05-16 17:43:41.517575'),(207,51,15,'2022-05-16 17:43:41.521094','2022-05-16 17:43:41.521094'),(208,51,16,'2022-05-16 17:43:41.524690','2022-05-16 17:43:41.524690'),(209,52,23,'2022-05-16 17:43:41.527976','2022-05-16 17:43:41.527976'),(210,52,24,'2022-05-16 17:43:41.531876','2022-05-16 17:43:41.531876'),(211,52,13,'2022-05-16 17:43:41.536007','2022-05-16 17:43:41.536007'),(212,52,14,'2022-05-16 17:43:41.540191','2022-05-16 17:43:41.540191'),(213,53,22,'2022-05-16 17:43:41.544475','2022-05-16 17:43:41.544475'),(214,53,24,'2022-05-16 17:43:41.547594','2022-05-16 17:43:41.547594'),(215,53,7,'2022-05-16 17:43:41.550867','2022-05-16 17:43:41.550867'),(216,53,8,'2022-05-16 17:43:41.554868','2022-05-16 17:43:41.554868'),(217,54,21,'2022-05-16 17:43:41.558647','2022-05-16 17:43:41.558647'),(218,54,23,'2022-05-16 17:43:41.562656','2022-05-16 17:43:41.562656'),(219,54,5,'2022-05-16 17:43:41.565697','2022-05-16 17:43:41.565697'),(220,54,6,'2022-05-16 17:43:41.568833','2022-05-16 17:43:41.568833'),(221,55,21,'2022-05-16 17:43:41.572383','2022-05-16 17:43:41.572383'),(222,55,24,'2022-05-16 17:43:41.576044','2022-05-16 17:43:41.576044'),(223,55,37,'2022-05-16 17:43:41.579877','2022-05-16 17:43:41.579877'),(224,55,38,'2022-05-16 17:43:41.583158','2022-05-16 17:43:41.583158'),(225,56,22,'2022-05-16 17:43:41.587052','2022-05-16 17:43:41.587052'),(226,56,23,'2022-05-16 17:43:41.590565','2022-05-16 17:43:41.590565'),(227,56,39,'2022-05-16 17:43:41.593684','2022-05-16 17:43:41.593684'),(228,56,40,'2022-05-16 17:43:41.596763','2022-05-16 17:43:41.596763'),(229,57,21,'2022-05-16 17:43:41.600128','2022-05-16 17:43:41.600128'),(230,57,23,'2022-05-16 17:43:41.604109','2022-05-16 17:43:41.604109'),(231,57,12,'2022-05-16 17:43:41.607723','2022-05-16 17:43:41.607723'),(232,57,11,'2022-05-16 17:43:41.613308','2022-05-16 17:43:41.613308'),(233,58,22,'2022-05-16 17:43:41.617217','2022-05-16 17:43:41.617217'),(234,58,23,'2022-05-16 17:43:41.620899','2022-05-16 17:43:41.620899'),(235,58,12,'2022-05-16 17:43:41.624359','2022-05-16 17:43:41.624359'),(236,58,11,'2022-05-16 17:43:41.628118','2022-05-16 17:43:41.628118'),(237,59,22,'2022-05-16 17:43:41.631964','2022-05-16 17:43:41.631964'),(238,59,23,'2022-05-16 17:43:41.635826','2022-05-16 17:43:41.635826'),(239,59,5,'2022-05-16 17:43:41.640246','2022-05-16 17:43:41.640246'),(240,59,6,'2022-05-16 17:43:41.643585','2022-05-16 17:43:41.643585'),(241,60,21,'2022-05-16 17:43:41.646641','2022-05-16 17:43:41.646641'),(242,60,23,'2022-05-16 17:43:41.650332','2022-05-16 17:43:41.650332'),(243,60,7,'2022-05-16 17:43:41.654097','2022-05-16 17:43:41.654097'),(244,60,8,'2022-05-16 17:43:41.657969','2022-05-16 17:43:41.657969'),(245,61,27,'2022-05-16 17:43:41.661569','2022-05-16 17:43:41.661569'),(246,61,28,'2022-05-16 17:43:41.666057','2022-05-16 17:43:41.666057'),(247,61,1,'2022-05-16 17:43:41.671569','2022-05-16 17:43:41.671569'),(248,61,3,'2022-05-16 17:43:41.675787','2022-05-16 17:43:41.675787'),(249,62,25,'2022-05-16 17:43:41.679646','2022-05-16 17:43:41.679646'),(250,62,26,'2022-05-16 17:43:41.683281','2022-05-16 17:43:41.683281'),(251,62,12,'2022-05-16 17:43:41.687293','2022-05-16 17:43:41.687293'),(252,62,11,'2022-05-16 17:43:41.691381','2022-05-16 17:43:41.691381'),(253,63,26,'2022-05-16 17:43:41.695166','2022-05-16 17:43:41.695166'),(254,63,27,'2022-05-16 17:43:41.698628','2022-05-16 17:43:41.698628'),(255,63,20,'2022-05-16 17:43:41.702230','2022-05-16 17:43:41.702230'),(256,63,19,'2022-05-16 17:43:41.705723','2022-05-16 17:43:41.705723'),(257,64,27,'2022-05-16 17:43:41.709700','2022-05-16 17:43:41.709700'),(258,64,26,'2022-05-16 17:43:41.713215','2022-05-16 17:43:41.713215'),(259,64,13,'2022-05-16 17:43:41.716864','2022-05-16 17:43:41.716864'),(260,64,14,'2022-05-16 17:43:41.720457','2022-05-16 17:43:41.720457'),(261,65,25,'2022-05-16 17:43:41.724347','2022-05-16 17:43:41.724347'),(262,65,27,'2022-05-16 17:43:41.727896','2022-05-16 17:43:41.727896'),(263,65,41,'2022-05-16 17:43:41.731344','2022-05-16 17:43:41.731344'),(264,65,42,'2022-05-16 17:43:41.735309','2022-05-16 17:43:41.735309'),(265,66,25,'2022-05-16 17:43:41.739459','2022-05-16 17:43:41.739459'),(266,66,28,'2022-05-16 17:43:41.742540','2022-05-16 17:43:41.742540'),(267,66,45,'2022-05-16 17:43:41.745861','2022-05-16 17:43:41.745861'),(268,66,48,'2022-05-16 17:43:41.749582','2022-05-16 17:43:41.749582'),(269,67,26,'2022-05-16 17:43:41.769550','2022-05-16 17:43:41.769550'),(270,67,27,'2022-05-16 17:43:41.774085','2022-05-16 17:43:41.774085'),(271,67,37,'2022-05-16 17:43:41.777966','2022-05-16 17:43:41.777966'),(272,67,38,'2022-05-16 17:43:41.782102','2022-05-16 17:43:41.782102'),(273,68,26,'2022-05-16 17:43:41.786574','2022-05-16 17:43:41.786574'),(274,68,27,'2022-05-16 17:43:41.790741','2022-05-16 17:43:41.790741'),(275,68,33,'2022-05-16 17:43:41.794761','2022-05-16 17:43:41.794761'),(276,68,34,'2022-05-16 17:43:41.798742','2022-05-16 17:43:41.798742'),(277,69,25,'2022-05-16 17:43:41.802923','2022-05-16 17:43:41.802923'),(278,69,28,'2022-05-16 17:43:41.806434','2022-05-16 17:43:41.806434'),(279,69,36,'2022-05-16 17:43:41.809913','2022-05-16 17:43:41.809913'),(280,69,35,'2022-05-16 17:43:41.813682','2022-05-16 17:43:41.813682'),(281,70,26,'2022-05-16 17:43:41.817475','2022-05-16 17:43:41.817475'),(282,70,27,'2022-05-16 17:43:41.821263','2022-05-16 17:43:41.821263'),(283,70,32,'2022-05-16 17:43:41.824945','2022-05-16 17:43:41.824945'),(284,70,31,'2022-05-16 17:43:41.828104','2022-05-16 17:43:41.828104'),(285,71,29,'2022-05-16 17:43:41.831142','2022-05-16 17:43:41.831142'),(286,71,30,'2022-05-16 17:43:41.833946','2022-05-16 17:43:41.833946'),(287,71,33,'2022-05-16 17:43:41.836784','2022-05-16 17:43:41.836784'),(288,71,34,'2022-05-16 17:43:41.839462','2022-05-16 17:43:41.839462'),(289,72,29,'2022-05-16 17:43:41.842195','2022-05-16 17:43:41.842195'),(290,72,30,'2022-05-16 17:43:41.844329','2022-05-16 17:43:41.844329'),(291,72,35,'2022-05-16 17:43:41.847105','2022-05-16 17:43:41.847105'),(292,72,36,'2022-05-16 17:43:41.849542','2022-05-16 17:43:41.849542'),(293,73,29,'2022-05-16 17:43:41.852182','2022-05-16 17:43:41.852182'),(294,73,30,'2022-05-16 17:43:41.857886','2022-05-16 17:43:41.857886'),(295,73,34,'2022-05-16 17:43:41.863908','2022-05-16 17:43:41.863908'),(296,73,36,'2022-05-16 17:43:41.868614','2022-05-16 17:43:41.868614'),(297,74,29,'2022-05-16 17:43:41.872381','2022-05-16 17:43:41.872381'),(298,74,30,'2022-05-16 17:43:41.876020','2022-05-16 17:43:41.876020'),(299,74,19,'2022-05-16 17:43:41.879530','2022-05-16 17:43:41.879530'),(300,74,20,'2022-05-16 17:43:41.884586','2022-05-16 17:43:41.884586'),(301,75,29,'2022-05-16 17:43:41.888456','2022-05-16 17:43:41.888456'),(302,75,30,'2022-05-16 17:43:41.892921','2022-05-16 17:43:41.892921'),(303,75,17,'2022-05-16 17:43:41.896544','2022-05-16 17:43:41.896544'),(304,75,20,'2022-05-16 17:43:41.899798','2022-05-16 17:43:41.899798'),(305,76,30,'2022-05-16 17:43:41.904102','2022-05-16 17:43:41.904102'),(306,76,31,'2022-05-16 17:43:41.912032','2022-05-16 17:43:41.912032'),(307,76,17,'2022-05-16 17:43:41.916951','2022-05-16 17:43:41.916951'),(308,76,19,'2022-05-16 17:43:41.921579','2022-05-16 17:43:41.921579'),(309,77,30,'2022-05-16 17:43:41.926345','2022-05-16 17:43:41.926345'),(310,77,31,'2022-05-16 17:43:41.930529','2022-05-16 17:43:41.930529'),(311,77,11,'2022-05-16 17:43:41.934561','2022-05-16 17:43:41.934561'),(312,77,12,'2022-05-16 17:43:41.939044','2022-05-16 17:43:41.939044'),(313,78,31,'2022-05-16 17:43:41.944595','2022-05-16 17:43:41.944595'),(314,78,30,'2022-05-16 17:43:41.949047','2022-05-16 17:43:41.949047'),(315,78,9,'2022-05-16 17:43:41.952883','2022-05-16 17:43:41.952883'),(316,78,10,'2022-05-16 17:43:41.957065','2022-05-16 17:43:41.957065'),(317,79,31,'2022-05-16 17:43:41.960540','2022-05-16 17:43:41.960540'),(318,79,29,'2022-05-16 17:43:41.963251','2022-05-16 17:43:41.963251'),(319,79,25,'2022-05-16 17:43:41.965986','2022-05-16 17:43:41.965986'),(320,79,28,'2022-05-16 17:43:41.971179','2022-05-16 17:43:41.971179'),(321,80,29,'2022-05-16 17:43:41.974233','2022-05-16 17:43:41.974233'),(322,80,32,'2022-05-16 17:43:41.977246','2022-05-16 17:43:41.977246'),(323,80,27,'2022-05-16 17:43:41.979597','2022-05-16 17:43:41.979597'),(324,80,26,'2022-05-16 17:43:41.984196','2022-05-16 17:43:41.984196'),(325,81,33,'2022-05-16 17:43:41.988969','2022-05-16 17:43:41.988969'),(326,81,34,'2022-05-16 17:43:41.992776','2022-05-16 17:43:41.992776'),(327,81,37,'2022-05-16 17:43:41.997192','2022-05-16 17:43:41.997192'),(328,81,38,'2022-05-16 17:43:42.002256','2022-05-16 17:43:42.002256'),(329,82,35,'2022-05-16 17:43:42.006060','2022-05-16 17:43:42.006060'),(330,82,36,'2022-05-16 17:43:42.009205','2022-05-16 17:43:42.009205'),(331,82,39,'2022-05-16 17:43:42.016261','2022-05-16 17:43:42.016261'),(332,82,40,'2022-05-16 17:43:42.019811','2022-05-16 17:43:42.019811'),(333,83,33,'2022-05-16 17:43:42.023120','2022-05-16 17:43:42.023120'),(334,83,36,'2022-05-16 17:43:42.025903','2022-05-16 17:43:42.025903'),(335,83,43,'2022-05-16 17:43:42.027783','2022-05-16 17:43:42.027783'),(336,83,44,'2022-05-16 17:43:42.030023','2022-05-16 17:43:42.030023'),(337,84,33,'2022-05-16 17:43:42.032094','2022-05-16 17:43:42.032094'),(338,84,36,'2022-05-16 17:43:42.035365','2022-05-16 17:43:42.035365'),(339,84,41,'2022-05-16 17:43:42.038479','2022-05-16 17:43:42.038479'),(340,84,42,'2022-05-16 17:43:42.042179','2022-05-16 17:43:42.042179'),(341,85,33,'2022-05-16 17:43:42.045660','2022-05-16 17:43:42.045660'),(342,85,36,'2022-05-16 17:43:42.048745','2022-05-16 17:43:42.048745'),(343,85,47,'2022-05-16 17:43:42.075216','2022-05-16 17:43:42.075216'),(344,85,48,'2022-05-16 17:43:42.081949','2022-05-16 17:43:42.081949'),(345,86,33,'2022-05-16 17:43:42.087870','2022-05-16 17:43:42.087870'),(346,86,36,'2022-05-16 17:43:42.091145','2022-05-16 17:43:42.091145'),(347,86,45,'2022-05-16 17:43:42.094181','2022-05-16 17:43:42.094181'),(348,86,46,'2022-05-16 17:43:42.098374','2022-05-16 17:43:42.098374'),(349,87,34,'2022-05-16 17:43:42.103442','2022-05-16 17:43:42.103442'),(350,87,35,'2022-05-16 17:43:42.108087','2022-05-16 17:43:42.108087'),(351,87,45,'2022-05-16 17:43:42.112772','2022-05-16 17:43:42.112772'),(352,87,47,'2022-05-16 17:43:42.117810','2022-05-16 17:43:42.117810'),(353,88,34,'2022-05-16 17:43:42.122917','2022-05-16 17:43:42.122917'),(354,88,35,'2022-05-16 17:43:42.127054','2022-05-16 17:43:42.127054'),(355,88,45,'2022-05-16 17:43:42.131237','2022-05-16 17:43:42.131237'),(356,88,47,'2022-05-16 17:43:42.135799','2022-05-16 17:43:42.135799'),(357,89,33,'2022-05-16 17:43:42.140008','2022-05-16 17:43:42.140008'),(358,89,35,'2022-05-16 17:43:42.143915','2022-05-16 17:43:42.143915'),(359,89,13,'2022-05-16 17:43:42.146917','2022-05-16 17:43:42.146917'),(360,89,16,'2022-05-16 17:43:42.149916','2022-05-16 17:43:42.149916'),(361,90,33,'2022-05-16 17:43:42.154908','2022-05-16 17:43:42.154908'),(362,90,36,'2022-05-16 17:43:42.160383','2022-05-16 17:43:42.160383'),(363,90,13,'2022-05-16 17:43:42.165816','2022-05-16 17:43:42.165816'),(364,90,16,'2022-05-16 17:43:42.190187','2022-05-16 17:43:42.190187'),(365,91,37,'2022-05-16 17:43:42.201066','2022-05-16 17:43:42.201066'),(366,91,38,'2022-05-16 17:43:42.205978','2022-05-16 17:43:42.205978'),(367,91,33,'2022-05-16 17:43:42.210668','2022-05-16 17:43:42.210668'),(368,91,36,'2022-05-16 17:43:42.214116','2022-05-16 17:43:42.214116'),(369,92,37,'2022-05-16 17:43:42.218344','2022-05-16 17:43:42.218344'),(370,92,39,'2022-05-16 17:43:42.225119','2022-05-16 17:43:42.225119'),(371,92,34,'2022-05-16 17:43:42.228813','2022-05-16 17:43:42.228813'),(372,92,35,'2022-05-16 17:43:42.231792','2022-05-16 17:43:42.231792'),(373,93,38,'2022-05-16 17:43:42.234716','2022-05-16 17:43:42.234716'),(374,93,39,'2022-05-16 17:43:42.238059','2022-05-16 17:43:42.238059'),(375,93,33,'2022-05-16 17:43:42.241225','2022-05-16 17:43:42.241225'),(376,93,36,'2022-05-16 17:43:42.244831','2022-05-16 17:43:42.244831'),(377,94,39,'2022-05-16 17:43:42.248732','2022-05-16 17:43:42.248732'),(378,94,38,'2022-05-16 17:43:42.252764','2022-05-16 17:43:42.252764'),(379,94,47,'2022-05-16 17:43:42.256832','2022-05-16 17:43:42.256832'),(380,94,48,'2022-05-16 17:43:42.260915','2022-05-16 17:43:42.260915'),(381,95,37,'2022-05-16 17:43:42.264437','2022-05-16 17:43:42.264437'),(382,95,38,'2022-05-16 17:43:42.268038','2022-05-16 17:43:42.268038'),(383,95,45,'2022-05-16 17:43:42.271983','2022-05-16 17:43:42.271983'),(384,95,46,'2022-05-16 17:43:42.276064','2022-05-16 17:43:42.276064'),(385,96,37,'2022-05-16 17:43:42.279933','2022-05-16 17:43:42.279933'),(386,96,38,'2022-05-16 17:43:42.284079','2022-05-16 17:43:42.284079'),(387,96,45,'2022-05-16 17:43:42.288669','2022-05-16 17:43:42.288669'),(388,96,47,'2022-05-16 17:43:42.292891','2022-05-16 17:43:42.292891'),(389,97,37,'2022-05-16 17:43:42.296848','2022-05-16 17:43:42.296848'),(390,97,40,'2022-05-16 17:43:42.301676','2022-05-16 17:43:42.301676'),(391,97,47,'2022-05-16 17:43:42.305868','2022-05-16 17:43:42.305868'),(392,97,48,'2022-05-16 17:43:42.309805','2022-05-16 17:43:42.309805'),(393,98,37,'2022-05-16 17:43:42.314375','2022-05-16 17:43:42.314375'),(394,98,38,'2022-05-16 17:43:42.318313','2022-05-16 17:43:42.318313'),(395,98,12,'2022-05-16 17:43:42.321838','2022-05-16 17:43:42.321838'),(396,98,11,'2022-05-16 17:43:42.325509','2022-05-16 17:43:42.325509'),(397,99,40,'2022-05-16 17:43:42.330107','2022-05-16 17:43:42.330107'),(398,99,39,'2022-05-16 17:43:42.334462','2022-05-16 17:43:42.334462'),(399,99,45,'2022-05-16 17:43:42.340324','2022-05-16 17:43:42.340324'),(400,99,48,'2022-05-16 17:43:42.344428','2022-05-16 17:43:42.344428'),(401,100,37,'2022-05-16 17:43:42.348233','2022-05-16 17:43:42.348233'),(402,100,38,'2022-05-16 17:43:42.351904','2022-05-16 17:43:42.351904'),(403,100,45,'2022-05-16 17:43:42.356533','2022-05-16 17:43:42.356533'),(404,100,47,'2022-05-16 17:43:42.360414','2022-05-16 17:43:42.360414'),(405,101,41,'2022-05-16 17:43:42.364288','2022-05-16 17:43:42.364288'),(406,101,42,'2022-05-16 17:43:42.367847','2022-05-16 17:43:42.367847'),(407,101,16,'2022-05-16 17:43:42.371701','2022-05-16 17:43:42.371701'),(408,101,15,'2022-05-16 17:43:42.375602','2022-05-16 17:43:42.375602'),(409,102,43,'2022-05-16 17:43:42.379466','2022-05-16 17:43:42.379466'),(410,102,44,'2022-05-16 17:43:42.383053','2022-05-16 17:43:42.383053'),(411,102,14,'2022-05-16 17:43:42.386795','2022-05-16 17:43:42.386795'),(412,102,13,'2022-05-16 17:43:42.390971','2022-05-16 17:43:42.390971'),(413,103,42,'2022-05-16 17:43:42.411178','2022-05-16 17:43:42.411178'),(414,103,43,'2022-05-16 17:43:42.418541','2022-05-16 17:43:42.418541'),(415,103,16,'2022-05-16 17:43:42.423168','2022-05-16 17:43:42.423168'),(416,103,14,'2022-05-16 17:43:42.427110','2022-05-16 17:43:42.427110'),(417,104,42,'2022-05-16 17:43:42.430853','2022-05-16 17:43:42.430853'),(418,104,43,'2022-05-16 17:43:42.434441','2022-05-16 17:43:42.434441'),(419,104,13,'2022-05-16 17:43:42.438069','2022-05-16 17:43:42.438069'),(420,104,16,'2022-05-16 17:43:42.445095','2022-05-16 17:43:42.445095'),(421,105,41,'2022-05-16 17:43:42.450509','2022-05-16 17:43:42.450509'),(422,105,44,'2022-05-16 17:43:42.456492','2022-05-16 17:43:42.456492'),(423,105,5,'2022-05-16 17:43:42.461328','2022-05-16 17:43:42.461328'),(424,105,6,'2022-05-16 17:43:42.464414','2022-05-16 17:43:42.464414'),(425,106,44,'2022-05-16 17:43:42.467066','2022-05-16 17:43:42.467066'),(426,106,42,'2022-05-16 17:43:42.469987','2022-05-16 17:43:42.469987'),(427,106,5,'2022-05-16 17:43:42.473404','2022-05-16 17:43:42.473404'),(428,106,8,'2022-05-16 17:43:42.477519','2022-05-16 17:43:42.477519'),(429,107,42,'2022-05-16 17:43:42.481052','2022-05-16 17:43:42.481052'),(430,107,44,'2022-05-16 17:43:42.484081','2022-05-16 17:43:42.484081'),(431,107,7,'2022-05-16 17:43:42.487848','2022-05-16 17:43:42.487848'),(432,107,6,'2022-05-16 17:43:42.491737','2022-05-16 17:43:42.491737'),(433,108,44,'2022-05-16 17:43:42.495911','2022-05-16 17:43:42.495911'),(434,108,41,'2022-05-16 17:43:42.499356','2022-05-16 17:43:42.499356'),(435,108,5,'2022-05-16 17:43:42.503343','2022-05-16 17:43:42.503343'),(436,108,6,'2022-05-16 17:43:42.506885','2022-05-16 17:43:42.506885'),(437,109,42,'2022-05-16 17:43:42.510086','2022-05-16 17:43:42.510086'),(438,109,43,'2022-05-16 17:43:42.512828','2022-05-16 17:43:42.512828'),(439,109,33,'2022-05-16 17:43:42.516102','2022-05-16 17:43:42.516102'),(440,109,36,'2022-05-16 17:43:42.520630','2022-05-16 17:43:42.520630'),(441,110,42,'2022-05-16 17:43:42.525134','2022-05-16 17:43:42.525134'),(442,110,44,'2022-05-16 17:43:42.528843','2022-05-16 17:43:42.528843'),(443,110,33,'2022-05-16 17:43:42.532077','2022-05-16 17:43:42.532077'),(444,110,34,'2022-05-16 17:43:42.535045','2022-05-16 17:43:42.535045'),(445,111,45,'2022-05-16 17:43:42.540768','2022-05-16 17:43:42.540768'),(446,111,46,'2022-05-16 17:43:42.546606','2022-05-16 17:43:42.546606'),(447,111,36,'2022-05-16 17:43:42.550012','2022-05-16 17:43:42.550012'),(448,111,35,'2022-05-16 17:43:42.553138','2022-05-16 17:43:42.553138'),(449,112,47,'2022-05-16 17:43:42.555079','2022-05-16 17:43:42.555079'),(450,112,48,'2022-05-16 17:43:42.556467','2022-05-16 17:43:42.556467'),(451,112,33,'2022-05-16 17:43:42.558038','2022-05-16 17:43:42.558038'),(452,112,36,'2022-05-16 17:43:42.559819','2022-05-16 17:43:42.559819'),(453,113,45,'2022-05-16 17:43:42.562802','2022-05-16 17:43:42.562802'),(454,113,48,'2022-05-16 17:43:42.566131','2022-05-16 17:43:42.566131'),(455,113,34,'2022-05-16 17:43:42.569564','2022-05-16 17:43:42.569564'),(456,113,35,'2022-05-16 17:43:42.573804','2022-05-16 17:43:42.573804'),(457,114,46,'2022-05-16 17:43:42.577200','2022-05-16 17:43:42.577200'),(458,114,47,'2022-05-16 17:43:42.580733','2022-05-16 17:43:42.580733'),(459,114,33,'2022-05-16 17:43:42.583733','2022-05-16 17:43:42.583733'),(460,114,36,'2022-05-16 17:43:42.587280','2022-05-16 17:43:42.587280'),(461,115,48,'2022-05-16 17:43:42.590622','2022-05-16 17:43:42.590622'),(462,115,45,'2022-05-16 17:43:42.593367','2022-05-16 17:43:42.593367'),(463,115,27,'2022-05-16 17:43:42.596290','2022-05-16 17:43:42.596290'),(464,115,28,'2022-05-16 17:43:42.600649','2022-05-16 17:43:42.600649'),(465,116,45,'2022-05-16 17:43:42.604955','2022-05-16 17:43:42.604955'),(466,116,47,'2022-05-16 17:43:42.609390','2022-05-16 17:43:42.609390'),(467,116,32,'2022-05-16 17:43:42.612547','2022-05-16 17:43:42.612547'),(468,116,31,'2022-05-16 17:43:42.615753','2022-05-16 17:43:42.615753'),(469,117,47,'2022-05-16 17:43:42.618858','2022-05-16 17:43:42.618858'),(470,117,48,'2022-05-16 17:43:42.621958','2022-05-16 17:43:42.621958'),(471,117,29,'2022-05-16 17:43:42.629487','2022-05-16 17:43:42.629487'),(472,117,30,'2022-05-16 17:43:42.644503','2022-05-16 17:43:42.644503'),(473,118,45,'2022-05-16 17:43:42.650416','2022-05-16 17:43:42.650416'),(474,118,47,'2022-05-16 17:43:42.653807','2022-05-16 17:43:42.653807'),(475,118,37,'2022-05-16 17:43:42.657290','2022-05-16 17:43:42.657290'),(476,118,38,'2022-05-16 17:43:42.660607','2022-05-16 17:43:42.660607'),(477,119,48,'2022-05-16 17:43:42.663800','2022-05-16 17:43:42.663800'),(478,119,45,'2022-05-16 17:43:42.667204','2022-05-16 17:43:42.667204'),(479,119,37,'2022-05-16 17:43:42.670667','2022-05-16 17:43:42.670667'),(480,119,40,'2022-05-16 17:43:42.673735','2022-05-16 17:43:42.673735'),(481,120,45,'2022-05-16 17:43:42.675732','2022-05-16 17:43:42.675732'),(482,120,47,'2022-05-16 17:43:42.677544','2022-05-16 17:43:42.677544'),(483,120,41,'2022-05-16 17:43:42.679751','2022-05-16 17:43:42.679751'),(484,120,42,'2022-05-16 17:43:42.681628','2022-05-16 17:43:42.681628');
/*!40000 ALTER TABLE `influencer_image` ENABLE KEYS */;
UNLOCK TABLES;

--
-- Table structure for table `message`
--

DROP TABLE IF EXISTS `message`;
/*!40101 SET @saved_cs_client     = @@character_set_client */;
/*!50503 SET character_set_client = utf8mb4 */;
CREATE TABLE `message` (
  `id` int NOT NULL AUTO_INCREMENT,
  `message_content` varchar(500) DEFAULT NULL,
  `influencerID` int NOT NULL,
  `campaignID` int NOT NULL,
  `statusID` int NOT NULL,
  `created_at` datetime(6) NOT NULL DEFAULT CURRENT_TIMESTAMP(6),
  `updated_at` datetime(6) NOT NULL DEFAULT CURRENT_TIMESTAMP(6) ON UPDATE CURRENT_TIMESTAMP(6),
  PRIMARY KEY (`id`),
  KEY `FK_d0581aaf440af1dcda1c9b6c48d` (`campaignID`),
  KEY `FK_f0e31a4d8a69e7fd914975b0fa5` (`statusID`),
  KEY `FK_89b2b2c9b15a1f14dfa698c4001` (`influencerID`),
  CONSTRAINT `FK_89b2b2c9b15a1f14dfa698c4001` FOREIGN KEY (`influencerID`) REFERENCES `influencer` (`id`),
  CONSTRAINT `FK_d0581aaf440af1dcda1c9b6c48d` FOREIGN KEY (`campaignID`) REFERENCES `campaign` (`id`),
  CONSTRAINT `FK_f0e31a4d8a69e7fd914975b0fa5` FOREIGN KEY (`statusID`) REFERENCES `status` (`id`)
) ENGINE=InnoDB DEFAULT CHARSET=utf8mb4 COLLATE=utf8mb4_0900_ai_ci;
/*!40101 SET character_set_client = @saved_cs_client */;

--
-- Dumping data for table `message`
--

LOCK TABLES `message` WRITE;
/*!40000 ALTER TABLE `message` DISABLE KEYS */;
/*!40000 ALTER TABLE `message` ENABLE KEYS */;
UNLOCK TABLES;

--
-- Table structure for table `migrations`
--

DROP TABLE IF EXISTS `migrations`;
/*!40101 SET @saved_cs_client     = @@character_set_client */;
/*!50503 SET character_set_client = utf8mb4 */;
CREATE TABLE `migrations` (
  `id` int NOT NULL AUTO_INCREMENT,
  `timestamp` bigint NOT NULL,
  `name` varchar(255) NOT NULL,
  PRIMARY KEY (`id`)
) ENGINE=InnoDB AUTO_INCREMENT=2 DEFAULT CHARSET=utf8mb4 COLLATE=utf8mb4_0900_ai_ci;
/*!40101 SET character_set_client = @saved_cs_client */;

--
-- Dumping data for table `migrations`
--

LOCK TABLES `migrations` WRITE;
/*!40000 ALTER TABLE `migrations` DISABLE KEYS */;
INSERT INTO `migrations` VALUES (1,1652684343292,'addimage1652684343292');
/*!40000 ALTER TABLE `migrations` ENABLE KEYS */;
UNLOCK TABLES;

--
-- Table structure for table `status`
--

DROP TABLE IF EXISTS `status`;
/*!40101 SET @saved_cs_client     = @@character_set_client */;
/*!50503 SET character_set_client = utf8mb4 */;
CREATE TABLE `status` (
  `id` int NOT NULL AUTO_INCREMENT,
  `status_name` varchar(255) NOT NULL,
  `created_at` datetime(6) NOT NULL DEFAULT CURRENT_TIMESTAMP(6),
  `updated_at` datetime(6) NOT NULL DEFAULT CURRENT_TIMESTAMP(6) ON UPDATE CURRENT_TIMESTAMP(6),
  PRIMARY KEY (`id`)
) ENGINE=InnoDB AUTO_INCREMENT=4 DEFAULT CHARSET=utf8mb4 COLLATE=utf8mb4_0900_ai_ci;
/*!40101 SET character_set_client = @saved_cs_client */;

--
-- Dumping data for table `status`
--

LOCK TABLES `status` WRITE;
/*!40000 ALTER TABLE `status` DISABLE KEYS */;
INSERT INTO `status` VALUES (1,'대기','2022-05-16 16:15:54.819097','2022-05-16 16:15:54.819097'),(2,'수락','2022-05-16 16:15:54.828776','2022-05-16 16:15:54.828776'),(3,'거절','2022-05-16 16:15:54.834501','2022-05-16 16:15:54.834501');
/*!40000 ALTER TABLE `status` ENABLE KEYS */;
UNLOCK TABLES;

--
-- Table structure for table `user`
--

DROP TABLE IF EXISTS `user`;
/*!40101 SET @saved_cs_client     = @@character_set_client */;
/*!50503 SET character_set_client = utf8mb4 */;
CREATE TABLE `user` (
  `id` int NOT NULL AUTO_INCREMENT,
  `user_email` varchar(100) NOT NULL,
  `user_password` varchar(200) NOT NULL,
  `user_brandname` varchar(50) NOT NULL,
  `created_at` datetime(6) NOT NULL DEFAULT CURRENT_TIMESTAMP(6),
  `updated_at` datetime(6) NOT NULL DEFAULT CURRENT_TIMESTAMP(6) ON UPDATE CURRENT_TIMESTAMP(6),
  PRIMARY KEY (`id`)
) ENGINE=InnoDB DEFAULT CHARSET=utf8mb4 COLLATE=utf8mb4_0900_ai_ci;
/*!40101 SET character_set_client = @saved_cs_client */;

--
-- Dumping data for table `user`
--

LOCK TABLES `user` WRITE;
/*!40000 ALTER TABLE `user` DISABLE KEYS */;
/*!40000 ALTER TABLE `user` ENABLE KEYS */;
UNLOCK TABLES;
/*!40103 SET TIME_ZONE=@OLD_TIME_ZONE */;

/*!40101 SET SQL_MODE=@OLD_SQL_MODE */;
/*!40014 SET FOREIGN_KEY_CHECKS=@OLD_FOREIGN_KEY_CHECKS */;
/*!40014 SET UNIQUE_CHECKS=@OLD_UNIQUE_CHECKS */;
/*!40101 SET CHARACTER_SET_CLIENT=@OLD_CHARACTER_SET_CLIENT */;
/*!40101 SET CHARACTER_SET_RESULTS=@OLD_CHARACTER_SET_RESULTS */;
/*!40101 SET COLLATION_CONNECTION=@OLD_COLLATION_CONNECTION */;
/*!40111 SET SQL_NOTES=@OLD_SQL_NOTES */;

-- Dump completed on 2022-05-16 17:46:12
